comparison,source,pathway,fdr_magnitude_filtered_negative_cosine,fdr_normalized_discrepancy,nes_magnitude_filtered_negative_cosine,nes_normalized_discrepancy
RR1,GO:BP,"Alternative mRNA Splicing, via Spliceosome (GO:0000380)",0.001,0.001,2.2933764650536568,2.713483566280389
RR1,GO:BP,Chromatin Organization (GO:0006325),0.001,0.001,2.599705240478526,3.4046916813751125
RR1,GO:BP,Chromatin Remodeling (GO:0006338),0.001,0.001,2.8007004965896973,3.913576044872368
RR1,GO:BP,"Co-transcriptional RNA 3'-End Processing, Cleavage and Polyadenylation Pathway (GO:0180012)",0.001,0.001,2.3117241618463367,2.4787735644617754
RR1,GO:BP,"Co-transcriptional mRNA 3'-End Processing, Cleavage and Polyadenylation Pathway (GO:0180010)",0.001,0.001,2.29506797097109,2.451865364337432
RR1,GO:BP,Cytoplasmic Translational Elongation (GO:0002182),0.0073542539795140895,0.001,1.955437669593709,2.7454504786958096
RR1,GO:BP,Cytoplasmic Translational Initiation (GO:0002183),0.031745659270047126,0.023543356165523926,1.773654765155741,1.9869092113094495
RR1,GO:BP,DNA Damage Response (GO:0006974),0.02037375035897043,0.001,1.834824880305016,2.610882300575348
RR1,GO:BP,DNA Repair-Dependent Chromatin Remodeling (GO:0140861),0.01803860108214571,0.001,1.8504224160206946,2.5591068525299066
RR1,GO:BP,DNA-templated Transcription (GO:0006351),0.018022314373713953,0.001426266997911424,1.8522090777523181,2.378855384937348
RR1,GO:BP,DNA-templated Transcription Initiation (GO:0006352),0.022850144780356303,0.001,1.8179347079422348,2.510352661703823
RR1,GO:BP,Dosage Compensation by Inactivation of X Chromosome (GO:0009048),0.0047562427035720625,0.001,2.0059428748902093,2.4568963012803207
RR1,GO:BP,Double-strand Break Repair (GO:0006302),0.007820313261830707,0.001,1.9478782979753124,2.522966327943355
RR1,GO:BP,Double-strand Break Repair via Homologous Recombination (GO:0000724),0.009579715183749657,0.004135091053185222,1.9287423085151663,2.249882548868576
RR1,GO:BP,Early Endosome to Golgi Transport (GO:0034498),0.014237434991782701,0.007012326044355048,1.885318668368335,2.176073991498171
RR1,GO:BP,Endocytic Recycling (GO:0032456),0.026647044911736643,0.0014842161137320774,1.7993851361753033,2.3725700622181116
RR1,GO:BP,Endosomal Vesicle Fusion (GO:0034058),0.005178530384912992,0.007372381579570632,1.9986073745530881,2.1671116012773335
RR1,GO:BP,Epigenetic Regulation of Gene Expression (GO:0040029),0.006500164629330729,0.005500716968668105,1.9703191438502756,2.20863820457283
RR1,GO:BP,Establishment of Protein Localization to Vacuole (GO:0072666),0.02982595239336751,0.013430152649962982,1.7839217434833086,2.0816915470041093
RR1,GO:BP,Fc Receptor Signaling Pathway (GO:0038093),0.02462891199476613,0.001,1.8093596504737244,2.4433949169207496
RR1,GO:BP,Fc-epsilon Receptor Signaling Pathway (GO:0038095),0.020909711918517995,0.0010417950245613882,1.8301176075102392,2.41539907155362
RR1,GO:BP,Gene Expression (GO:0010467),0.015709797574584326,0.006983369322394116,1.870198143001426,2.175917321953403
RR1,GO:BP,Golgi to Plasma Membrane Protein Transport (GO:0043001),0.02083852797995714,0.012018496314154086,1.8317746635831942,2.0971477541467856
RR1,GO:BP,Golgi to Plasma Membrane Transport (GO:0006893),0.006292591894087604,0.001,1.972543886436475,2.6606479362304256
RR1,GO:BP,Heterochromatin Formation (GO:0031507),0.001187718271308855,0.002264011192474134,2.135770799484721,2.328694354421378
RR1,GO:BP,Heterochromatin Organization (GO:0070828),0.04353212150073507,0.020964501475966978,1.7333881979734012,2.008598987655842
RR1,GO:BP,Histone mRNA Metabolic Process (GO:0008334),0.007831792990286137,0.001,1.948637915734134,2.683180516996811
RR1,GO:BP,Host-mediated Activation of Viral Transcription (GO:0043923),0.024705831360346438,0.03817045884089139,1.8095205654571238,1.8988465642179102
RR1,GO:BP,Host-mediated Perturbation of Viral Transcription (GO:0043921),0.003774901473859686,0.0186309148354294,2.026973448254528,2.0299538640427377
RR1,GO:BP,Intra-Golgi Vesicle-Mediated Transport (GO:0006891),0.02017067064571159,0.006249243707771902,1.8365514352785235,2.191773872808728
RR1,GO:BP,MRNA 3'-End Processing (GO:0031124),0.0010200622649363064,0.001,2.152371143705642,2.81727301992433
RR1,GO:BP,"MRNA Cis Splicing, via Spliceosome (GO:0045292)",0.001,0.001,2.2212615670570734,2.4394432016572964
RR1,GO:BP,MRNA Destabilization (GO:0061157),0.001,0.001,2.3283103507736267,2.6334995695659846
RR1,GO:BP,MRNA Export From Nucleus (GO:0006406),0.0029256730895425927,0.001,2.05484121483767,2.642592436227286
RR1,GO:BP,MRNA Metabolic Process (GO:0016071),0.001,0.001,2.4689195533368453,3.0994891220239
RR1,GO:BP,MRNA Processing (GO:0006397),0.001,0.001,2.890431871602878,3.948778755048646
RR1,GO:BP,MRNA Splice Site Recognition (GO:0006376),0.001,0.001,2.180157599129754,2.7470538203290946
RR1,GO:BP,"MRNA Splicing, via Spliceosome (GO:0000398)",0.001,0.001,2.8268946061983264,3.616581023367044
RR1,GO:BP,MRNA Transcription (GO:0009299),0.001,0.001,2.186117201343717,2.66858239612422
RR1,GO:BP,MRNA Transcription by RNA Polymerase II (GO:0042789),0.001967262939520019,0.001,2.0886321416498617,2.5898065779212653
RR1,GO:BP,MRNA Transport (GO:0051028),0.003722771882077814,0.001,2.0319270357245873,2.660078741650493
RR1,GO:BP,Maturation of 5.8S rRNA (GO:0000460),0.0150503010598618,0.0051916118723975835,1.8782891411840523,2.220774758770822
RR1,GO:BP,Maturation of 5.8S rRNA Fm Tricistronic rRNA Trans (GO:0000466),0.0076705206357431934,0.001,1.9505052534561267,2.5752931976421873
RR1,GO:BP,Maturation of LSU-rRNA (GO:0000470),0.007298419399020584,0.001,1.9587830128550654,2.4831543150622197
RR1,GO:BP,Maturation of LSU-rRNA Fm Tricistronic rRNA Trans (GO:0000463),0.0037550795973946313,0.001,2.029307822574818,2.696686489426963
RR1,GO:BP,Maturation of SSU-rRNA (GO:0030490),0.0075821592460667405,0.001,1.951616828315851,2.7137519599149886
RR1,GO:BP,Membrane Fission (GO:0090148),0.003992010835064974,0.001,2.0232959458772224,2.4407976398560463
RR1,GO:BP,MiRNA Processing (GO:0035196),0.001,0.001,2.6598532012726146,2.7764711797543504
RR1,GO:BP,MiRNA-mediated Post-Transcriptional Gene Silencing (GO:0035195),0.0010691646410434885,0.0010319609712321949,2.148552192923257,2.4187402719135163
RR1,GO:BP,Mitotic Recombination (GO:0006312),0.031395119133379515,0.004130905282103712,1.7759403690178455,2.2507477613271045
RR1,GO:BP,Multivesicular Body Assembly (GO:0036258),0.011647571570679683,0.007387006555108649,1.906982972038039,2.1683697979817915
RR1,GO:BP,Multivesicular Body Organization (GO:0036257),0.011647571570679683,0.004519406035121069,1.906982972038039,2.2383289797492445
RR1,GO:BP,"Neg Reg Nuclear-Transcribed mRNA Catabolic Process, Deadenylation-Dependent Decay (GO:1900152)",0.0013609995179069314,0.028932962932124325,2.1162988643281437,1.9500131911733258
RR1,GO:BP,Negative Regulation of Cilium Assembly (GO:1902018),0.015532282819324724,0.027065703694705547,1.8724652736644256,1.9641754138667027
RR1,GO:BP,"Negative Regulation of Gene Expression, Epigenetic (GO:0045814)",0.0030445735968762204,0.03204053954385018,2.0466871965907028,1.9314478121930287
RR1,GO:BP,Negative Regulation of Organelle Assembly (GO:1902116),0.011875710611569182,0.029136806219897175,1.9047882858045022,1.9504012780746312
RR1,GO:BP,Negative Regulation of Telomere Maintenance via Telomere Lengthening (GO:1904357),0.018948126645968358,0.001,1.8446944885400085,2.5766546322264396
RR1,GO:BP,Negative Regulation of mRNA Catabolic Process (GO:1902373),0.010621853718588993,0.047192462428561704,1.9179610103079632,1.8594167251189817
RR1,GO:BP,Nuclear RNA Surveillance (GO:0071027),0.0011270777257666776,0.001,2.1428889783409453,2.5168831760789008
RR1,GO:BP,Nuclear Transport (GO:0051169),0.0037503756952036896,0.001,2.030253287797477,2.4909139856823472
RR1,GO:BP,Nuclear-transcribed mRNA Catabolic Process (GO:0000956),0.001,0.001,2.4977807654275237,3.044458270829598
RR1,GO:BP,"Nuclear-transcribed mRNA Catabolic Process, Deadenylation-Dependent Decay (GO:0000288)",0.0019350127273967401,0.001,2.087317515855921,2.620537302925034
RR1,GO:BP,"Nuclear-transcribed mRNA Catabolic Process, Nonsense-Mediated Decay (GO:0000184)",0.001549964740227894,0.003233935744075525,2.1065740578890098,2.2867101053291843
RR1,GO:BP,Nuclear-transcribed mRNA poly(A) Tail Shortening (GO:0000289),0.028079035382130645,0.001,1.7911515759511598,2.544321789363159
RR1,GO:BP,Nucleic Acid Catabolic Process (GO:0141188),0.01205658520676967,0.020172366029303262,1.9022539205746287,2.015448014809279
RR1,GO:BP,Nucleocytoplasmic Transport (GO:0006913),0.005664169980359606,0.001,1.9891003029496035,2.43738996672068
RR1,GO:BP,Peptidyl-lysine Modification (GO:0018205),0.009891887097021566,0.014676287408508553,1.924715620013623,2.066830103295192
RR1,GO:BP,Peptidyl-serine Modification (GO:0018209),0.00988535615264511,0.009576645166665948,1.9253495516554138,2.1296556762866317
RR1,GO:BP,Peptidyl-serine Phosphorylation (GO:0018105),0.003825233493511149,0.008052295965351355,2.027100778570504,2.155270029595328
RR1,GO:BP,Positive Regulation of DNA Recombination (GO:0045911),0.0014865616845243085,0.001,2.104426793078028,3.1281133447813487
RR1,GO:BP,Positive Regulation of DNA Repair (GO:0045739),0.003107492454216946,0.001,2.0481007834809404,2.7150388101577465
RR1,GO:BP,Positive Regulation of DNA-templated Transcription Initiation (GO:2000144),0.001,0.001,2.1602893400841454,3.0607599578724005
RR1,GO:BP,"Positive Regulation of DNA-templated Transcription, Elongation (GO:0032786)",0.0055776803649226605,0.001,1.9920868310122566,2.9227668221656735
RR1,GO:BP,Positive Regulation of Double-Strand Break Repair (GO:2000781),0.001,0.001,2.240209790083003,3.130884168062165
RR1,GO:BP,Positive Regulation of Double-Strand Break Repair via Homologous Recombination (GO:1905168),0.001,0.001,2.31272854590403,2.9905356787314763
RR1,GO:BP,"Positive Regulation of Gene Expression, Epigenetic (GO:0141137)",0.001,0.001,2.2046942724686285,2.430429966488323
RR1,GO:BP,Positive Regulation of Lymphocyte Differentiation (GO:0045621),0.03917537425330884,0.001,1.7496872951298743,2.4393448007162295
RR1,GO:BP,Positive Regulation of Organelle Assembly (GO:1902117),0.03897766455556739,0.0037523265985320692,1.7496628468419742,2.2677229443838165
RR1,GO:BP,Positive Regulation of RNA Metabolic Process (GO:0051254),0.0019038028446967926,0.0013795891688888682,2.0864941283018954,2.384608118252296
RR1,GO:BP,Positive Regulation of RNA Splicing (GO:0033120),0.006702194818462811,0.001,1.9661999093007478,2.521532329316265
RR1,GO:BP,Positive Regulation of Stem Cell Population Maintenance (GO:1902459),0.001457231807051866,0.0028244220665886517,2.112761874049697,2.304909768621726
RR1,GO:BP,Positive Regulation of Telomere Maintenance via Telomere Lengthening (GO:1904358),0.015942190317709,0.004109084191215504,1.8642043075375596,2.249806132234451
RR1,GO:BP,Positive Regulation of Transcription Elongation by RNA Polymerase II (GO:0032968),0.01599572128204968,0.001,1.868169077865708,2.7145720479491953
RR1,GO:BP,Positive Regulation of Transcription Initiation by RNA Polymerase II (GO:0060261),0.001,0.001,2.2901686858494497,3.175937330976092
RR1,GO:BP,Positive Regulation of Transcription by RNA Polymerase I (GO:0045943),0.011076015516925728,0.00779157775400695,1.9129693081435357,2.1608757536178596
RR1,GO:BP,Positive Regulation of Transcription by RNA Polymerase III (GO:0045945),0.0012857927709281174,0.0024612085913588546,2.1216853740498576,2.320941852013937
RR1,GO:BP,Positive Regulation of Translation (GO:0045727),0.014847618965884992,0.03997956055781896,1.8802110746561962,1.8911664404256252
RR1,GO:BP,Positive Regulation of Viral Process (GO:0048524),0.04828736306094592,0.023445196337359978,1.7197902569064851,1.9863676201569207
RR1,GO:BP,Positive Regulation of mRNA Catabolic Process (GO:0061014),0.008915066934624275,0.003835907557540725,1.935365357035715,2.263813253619796
RR1,GO:BP,Positive Regulation of mRNA Processing (GO:0050685),0.00614769668600006,0.001,1.9765477889383876,2.6729280292041135
RR1,GO:BP,"Positive Regulation of mRNA Splicing, via Spliceosome (GO:0048026)",0.01595291958426866,0.001,1.8654349259633896,2.432252177843755
RR1,GO:BP,Positive Regulation of rRNA Processing (GO:2000234),0.006219525444530645,0.005492801216090611,1.9749087459433936,2.2076521670245937
RR1,GO:BP,Post-transcriptional Gene Silencing (GO:0016441),0.005984639497912603,0.005217605377448277,1.9806259670056408,2.2189421415464805
RR1,GO:BP,Primary miRNA Processing (GO:0031053),0.0012951147685173459,0.020635511502896827,2.123507201680863,2.0117188168458453
RR1,GO:BP,Protein Deubiquitination (GO:0016579),0.015811757080320926,0.011926883487919301,1.8703053112980723,2.099437956271534
RR1,GO:BP,Protein K48-linked Deubiquitination (GO:0071108),0.005773489061634838,0.027312262343162766,1.9844735509965157,1.9624595173359942
RR1,GO:BP,Protein Localization to Centrosome (GO:0071539),0.02995482099530139,0.005103132075401402,1.7831240404885704,2.222957735611832
RR1,GO:BP,Protein Localization to Chromatin (GO:0071168),0.005337535107224858,0.0011574519298304913,1.9947627222642876,2.4055057653824736
RR1,GO:BP,Protein Localization to Chromosome (GO:0034502),0.001,0.001,2.3539372515637385,2.6069665611708768
RR1,GO:BP,Protein Localization to Cilium (GO:0061512),0.03004196843206004,0.019446404560979427,1.7823844516588554,2.0221961588858304
RR1,GO:BP,Protein Localization to Microtubule Organizing Center (GO:1905508),0.021634924499014354,0.019377819736934997,1.825570861732109,2.0215057976877544
RR1,GO:BP,Protein Localization to Nucleus (GO:0034504),0.015934597273121666,0.001,1.8678435151848238,2.760174574466292
RR1,GO:BP,Protein Modification by Small Protein Removal (GO:0070646),0.005856250324589686,0.001,1.9851144635733782,2.5288139529980573
RR1,GO:BP,Protein Neddylation (GO:0045116),0.04477122588171881,0.0349041493126971,1.7299716693285527,1.9156088750192317
RR1,GO:BP,Protein Polyubiquitination (GO:0000209),0.031849671387148976,0.001,1.77391861516629,2.733256683761683
RR1,GO:BP,Protein Quality Control for Misfolded or Incompletely Synthesized Proteins (GO:0006515),0.04135982738932843,0.0038898190852129757,1.7399380085928917,2.2611007692604423
RR1,GO:BP,Protein Sumoylation (GO:0016925),0.017957245595839468,0.03246698728106758,1.8520580211509163,1.9286062128232686
RR1,GO:BP,Protein-RNA Complex Assembly (GO:0022618),0.0010103191452961338,0.001,2.1556943623201352,2.702867832546652
RR1,GO:BP,RNA 3'-End Processing (GO:0031123),0.001,0.001,2.282716076388505,3.0738945978891405
RR1,GO:BP,RNA Biosynthetic Process (GO:0032774),0.001,0.001,2.2166283736585743,2.6685521791429725
RR1,GO:BP,RNA Catabolic Process (GO:0006401),0.012340220327002204,0.001,1.8997439373026317,2.643044910581437
RR1,GO:BP,RNA Destabilization (GO:0050779),0.001,0.002030307402828415,2.271398648782573,2.3424001230737654
RR1,GO:BP,RNA Export From Nucleus (GO:0006405),0.001,0.001,2.4380227945323907,3.2541541195776835
RR1,GO:BP,RNA Metabolic Process (GO:0016070),0.00103437436304128,0.001,2.1563984154728812,2.5380277355089156
RR1,GO:BP,RNA Modification (GO:0009451),0.02270403801748819,0.0010092783919765933,1.8189205021313095,2.4217371382000676
RR1,GO:BP,RNA Polymerase II Preinitiation Complex Assembly (GO:0051123),0.001,0.001,2.251656377191809,3.1496851807277295
RR1,GO:BP,RNA Polymerase II Transcription Initiation Surveillance (GO:0160240),0.025983790848573662,0.012749494001516998,1.803199173696533,2.08896766569899
RR1,GO:BP,RNA Processing (GO:0006396),0.001,0.001,2.5960574464076567,3.37805938156002
RR1,GO:BP,RNA Splicing (GO:0008380),0.001,0.001,2.5099539541359657,3.190205452529375
RR1,GO:BP,"RNA Splicing, via Transesterification Reactions (GO:0000375)",0.007306976632502928,0.011162452543654092,1.9577042585289877,2.1096264600095984
RR1,GO:BP,"RNA Splicing, via Transesterification Reactions With Bulged Adenosine as Nucleophile (GO:0000377)",0.001,0.001,2.782558568391227,3.590627412613208
RR1,GO:BP,RNA Transport (GO:0050658),0.01767015817040912,0.01943193700187788,1.8543732990655162,2.0217219755727465
RR1,GO:BP,RRNA Processing (GO:0006364),0.004590280192213378,0.001,2.0117483192224292,2.6817842116828166
RR1,GO:BP,Recombinational Repair (GO:0000725),0.0055329270174000545,0.0024557337444636104,1.9918315013200354,2.3222796430620734
RR1,GO:BP,Regulation of Actomyosin Structure Organization (GO:0110020),0.0415584295973604,0.008060822220811396,1.7399546005696438,2.15591194151834
RR1,GO:BP,"Regulation of Alternative mRNA Splicing, via Spliceosome (GO:0000381)",0.001,0.001,2.819061371838928,3.1113811572787085
RR1,GO:BP,Regulation of Cell Fate Commitment (GO:0010453),0.017980016801132644,0.011379672027996196,1.8501882077771172,2.1070040621119728
RR1,GO:BP,Regulation of Cell Fate Specification (GO:0042659),0.04819794201824047,0.027558436583051793,1.7194720000316492,1.95935497422493
RR1,GO:BP,Regulation of Cellular Response to Stress (GO:0080135),0.003030379780573767,0.001,2.0513790324923353,2.771839851603655
RR1,GO:BP,Regulation of Chromosome Organization (GO:0033044),0.03073626804380715,0.001422092557917537,1.778940058438048,2.3812349986265535
RR1,GO:BP,Regulation of DNA Metabolic Process (GO:0051052),0.001,0.001,2.4320443323775476,3.4647462782608343
RR1,GO:BP,Regulation of DNA Repair (GO:0006282),0.001,0.001,2.5407584009629125,4.160737463374455
RR1,GO:BP,Regulation of DNA Strand Elongation (GO:0060382),0.004193044406348758,0.001,2.0191504047117714,2.5014963814230105
RR1,GO:BP,Regulation of Double-Strand Break Repair (GO:2000779),0.0015099605895438743,0.001,2.105476969999702,3.0827810042528982
RR1,GO:BP,Regulation of Double-Strand Break Repair via Homologous Recombination (GO:0010569),0.011794469938326042,0.001,1.9047011119164168,2.6677032582426365
RR1,GO:BP,Regulation of G0 to G1 Transition (GO:0070316),0.008872816035700672,0.0010073813751014023,1.9350810622762644,2.421473814888284
RR1,GO:BP,Regulation of Intracellular Estrogen Receptor Signaling Pathway (GO:0033146),0.004888529894891614,0.0466593813061967,2.002616554486126,1.8612486686066805
RR1,GO:BP,Regulation of Multicellular Organismal Development (GO:2000026),0.02677200342129292,0.03478583016248457,1.7976199780305233,1.9156044643736851
RR1,GO:BP,"Regulation of Nuclear-Transcribed mRNA Catabolic Process, Deadenylation-Dependent Decay (GO:1900151)",0.02104711442662297,0.018974384955743977,1.828868445367824,2.0259002049712906
RR1,GO:BP,"Regulation of Nuclear-Transcribed mRNA Catabolic Process, Nonsense-Mediated Decay (GO:2000622)",0.006768553183002046,0.006411498815092097,1.966328157627703,2.1891083591593956
RR1,GO:BP,Regulation of Nuclear-Transcribed mRNA poly(A) Tail Shortening (GO:0060211),0.046174719275553014,0.033943782197166754,1.7250246627252073,1.9208680294163485
RR1,GO:BP,Regulation of Nucleotide-Excision Repair (GO:2000819),0.0011336178286241248,0.001,2.1437213052192226,3.1445762103772097
RR1,GO:BP,Regulation of Organelle Organization (GO:0033043),0.0015222867984381102,0.001,2.1064134831819166,2.615019674319532
RR1,GO:BP,Regulation of Primary Metabolic Process (GO:0080090),0.04115851882303878,0.001012649568517111,1.7420274451956357,2.4193620819439015
RR1,GO:BP,Regulation of Protein Deacetylation (GO:0090311),0.0361646796021573,0.040393334901358956,1.7580368467398881,1.886828448919436
RR1,GO:BP,Regulation of RNA Biosynthetic Process (GO:2001141),0.01949511628494626,0.0037912078493816206,1.8404253254959433,2.2661225374804155
RR1,GO:BP,Regulation of RNA Export From Nucleus (GO:0046831),0.0219648244869064,0.0016098021309759948,1.8232528392743717,2.366114403964788
RR1,GO:BP,Regulation of RNA Metabolic Process (GO:0051252),0.04281784936508679,0.02743328776430526,1.735548738012994,1.9607817054648076
RR1,GO:BP,Regulation of RNA Splicing (GO:0043484),0.001,0.001,2.5083801092612044,3.620264516886952
RR1,GO:BP,Regulation of Stem Cell Population Maintenance (GO:2000036),0.003110011264682383,0.00282134081831457,2.0477800043348324,2.3038667002657784
RR1,GO:BP,Regulation of T Cell Differentiation (GO:0045580),0.004708235998546387,0.001,2.005876558879563,2.88390018417498
RR1,GO:BP,Regulation of TORC2 Signaling (GO:1903939),0.030177171993452465,0.01622641443518597,1.781282650194507,2.0514049471866365
RR1,GO:BP,Regulation of Telomere Capping (GO:1904353),0.04473294896052601,0.014315608898315998,1.7294018262670587,2.0705856556804054
RR1,GO:BP,Regulation of Telomere Maintenance via Telomerase (GO:0032210),0.021988508709042787,0.0013444943566978357,1.8236249937324054,2.3890879997476917
RR1,GO:BP,Regulation of Telomere Maintenance via Telomere Lengthening (GO:1904356),0.0027062876416677514,0.001,2.062038071574901,2.4649222901622148
RR1,GO:BP,Regulation of Transcription Elongation by RNA Polymerase II (GO:0034243),0.001,0.001,2.1548570448685576,3.2008883668509696
RR1,GO:BP,Regulation of Transcription Initiation by RNA Polymerase II (GO:0060260),0.001,0.001,2.2933117967792023,3.1246316488529193
RR1,GO:BP,Regulation of Transcription by RNA Polymerase I (GO:0006356),0.03960167554106432,0.04514705555188822,1.747357255364678,1.8683908311340716
RR1,GO:BP,Regulation of Transcription by RNA Polymerase III (GO:0006359),0.001,0.001,2.2939089262979264,2.6365810816463116
RR1,GO:BP,Regulation of Translation (GO:0006417),0.007392701926812651,0.0011567517169267826,1.9557535556920251,2.4084490699898597
RR1,GO:BP,Regulation of mRNA 3'-End Processing (GO:0031440),0.005809911153802254,0.0031268627971232582,1.9847233430643578,2.292213485701209
RR1,GO:BP,Regulation of mRNA Catabolic Process (GO:0061013),0.025834458717260023,0.003371105003615195,1.8031986978586123,2.2822407534349645
RR1,GO:BP,Regulation of mRNA Metabolic Process (GO:1903311),0.0013083559613795,0.001,2.1206324580845473,2.5516265782460166
RR1,GO:BP,Regulation of mRNA Processing (GO:0050684),0.001,0.001,2.6773904724470543,3.124724228906913
RR1,GO:BP,"Regulation of mRNA Splicing, via Spliceosome (GO:0048024)",0.001,0.001,2.8323084653470434,3.2649240345839594
RR1,GO:BP,Regulation of mRNA Stability (GO:0043488),0.003521215942215997,0.0015724593651973452,2.036637513320075,2.367675554902162
RR1,GO:BP,Regulation of rRNA Processing (GO:2000232),0.00514259706908259,0.005305064929049629,1.9996493675399618,2.212803292028548
RR1,GO:BP,Regulatory ncRNA-mediated Gene Silencing (GO:0031047),0.0061692675515649725,0.012719072337601046,1.9777613598759116,2.090420206291529
RR1,GO:BP,Regulatory ncRNA-mediated Post-Transcriptional Gene Silencing (GO:0035194),0.012803730048878678,0.006058719167702408,1.8955044134855419,2.1955797834414135
RR1,GO:BP,Rescue of Stalled Cytosolic Ribosome (GO:0072344),0.003076818244780706,0.001,2.0472440106493517,2.9286220381330503
RR1,GO:BP,Ribosome Disassembly (GO:0032790),0.001,0.001,2.198836120482019,2.9099220880282894
RR1,GO:BP,Ribosome-associated Ubiquitin-Dependent Protein Catabolic Process (GO:1990116),0.008072511243640555,0.001,1.944484359597373,2.5330122192423854
RR1,GO:BP,Secretory Granule Organization (GO:0033363),0.041256502517237253,0.01191978872387841,1.7413051316493882,2.0985110208731665
RR1,GO:BP,SnRNA 3'-End Processing (GO:0034472),0.020790852413805964,0.027284754761243653,1.8313893599946018,1.9621210318249418
RR1,GO:BP,SnRNA Metabolic Process (GO:0016073),0.015143067194947308,0.005303059712234383,1.8765898122697302,2.2145978740780197
RR1,GO:BP,SnRNA Processing (GO:0016180),0.015851088212010964,0.005301778702581086,1.8640696619004367,2.2137967339064386
RR1,GO:BP,Spliceosomal Complex Assembly (GO:0000245),0.001,0.001,2.28109851990737,2.8285777424593914
RR1,GO:BP,Spliceosomal snRNP Assembly (GO:0000387),0.022570829261457363,0.001,1.820110200861328,2.447119701529856
RR1,GO:BP,Stress Granule Assembly (GO:0034063),0.015164318492133483,0.022354282013025167,1.8754803905199084,1.997882657313587
RR1,GO:BP,Stress-activated Protein Kinase Signaling Cascade (GO:0031098),0.03299371177798845,0.03988924838094448,1.7680750121970679,1.8899708605739027
RR1,GO:BP,TRNA Metabolic Process (GO:0006399),0.0027408481058416936,0.002051231264268975,2.060655396423183,2.3408747753534307
RR1,GO:BP,TRNA Modification (GO:0006400),0.01900531531048053,0.001,1.8437567963983177,2.6648236021726035
RR1,GO:BP,Telomere Maintenance via Recombination (GO:0000722),0.032196673942188385,0.02196611560221109,1.7712825223390591,2.000932512272928
RR1,GO:BP,Telomere Organization (GO:0032200),0.01520713827004592,0.020355588683607623,1.8769417772337749,2.013784297837211
RR1,GO:BP,Transcription Elongation-Coupled Chromatin Remodeling (GO:0140673),0.015857016710274334,0.001,1.8676511655564056,2.665225144181465
RR1,GO:BP,Transcription Initiation at RNA Polymerase II Promoter (GO:0006367),0.001,0.001,2.2412827579560353,3.216343756306999
RR1,GO:BP,Transcription Initiation-Coupled Chromatin Remodeling (GO:0045815),0.001,0.005298867150640523,2.159209713281736,2.213278437852082
RR1,GO:BP,Transcription Preinitiation Complex Assembly (GO:0070897),0.001,0.001,2.2843476838301213,3.201815582297669
RR1,GO:BP,Transcription by RNA Polymerase II (GO:0006366),0.0014980594223356466,0.001,2.1047108267715977,2.927555527168502
RR1,GO:BP,Ubiquitin-dependent Protein Catabolic Process via the Multivesicular Body Sorting Pathway (GO:0043162),0.009878712605779407,0.005095381809887898,1.9257262749500899,2.224141189077177
RR1,KEGG,ATP-DEPENDENT CHROMATIN REMODELING,0.001,0.001,2.6491068129811093,3.8399672982057766
RR1,KEGG,B CELL RECEPTOR SIGNALING PATHWAY,0.03496998152028789,0.014121703254254662,1.7329945336980463,1.9807303061528778
RR1,KEGG,BASAL TRANSCRIPTION FACTORS,0.001,0.001,2.1433519823280314,2.7262521850175356
RR1,KEGG,MRNA SURVEILLANCE PATHWAY,0.001,0.001,2.3811778696159873,3.067536756971206
RR1,KEGG,NUCLEOCYTOPLASMIC TRANSPORT,0.001,0.001,2.380189605958684,3.1044589185490743
RR1,KEGG,POLYCOMB REPRESSIVE COMPLEX,0.001,0.001,2.4299154311791087,2.7100060946662397
RR1,KEGG,RIBOSOME BIOGENESIS IN EUKARYOTES,0.011343440506017764,0.00905602805020551,1.845930226065098,2.0770660034848656
RR1,KEGG,RNA DEGRADATION,0.0015782912013581262,0.001,2.0278262287584012,2.4402779122657368
RR1,KEGG,SPLICEOSOME,0.001,0.001,2.518929227817613,3.3100254420061823
RR1,KEGG,T CELL RECEPTOR SIGNALING PATHWAY,0.001,0.001,2.1415217138793095,2.7889244361304755
RR1,KEGG,UBIQUITIN MEDIATED PROTEOLYSIS,0.0034660512657276503,0.001,1.9791964721556614,3.102563988292021
RR1,KEGG,VIRAL LIFE CYCLE - HIV-1,0.038278917824794374,0.012211327718107784,1.7162707413417952,2.0244263330134196
RR1,KEGG,YERSINIA INFECTION,0.003119446139154885,0.001,1.9760118583098503,2.859658601714225
RR1,REAC,Chromatin Modifying Enzymes,0.001,0.001,2.89785407134717,3.9730530297932547
RR1,REAC,Chromatin Organization,0.001,0.001,2.89785407134717,3.9730530297932547
RR1,REAC,DNA Double Strand Break Response,0.031348473194480704,0.01767831909138739,1.7849432485194396,1.9747467832806196
RR1,REAC,DNA Repair,0.03333104516160086,0.001,1.7777462648042537,2.4474023296398757
RR1,REAC,Deactivation of the Beta-Catenin Transactivating Complex,0.012744593363338698,0.007028599726466128,1.8997310363331164,2.1535371694655465
RR1,REAC,Deadenylation of mRNA,0.03981977393078713,0.001,1.7489817703291899,2.567493883149163
RR1,REAC,Deadenylation-dependent mRNA Decay,0.002466695489678457,0.001,2.0628479326719424,2.4917141464368835
RR1,REAC,Deubiquitination,0.008341915656003512,0.0015374463207594518,1.9480961130483088,2.3828774403238406
RR1,REAC,ERCC6 (CSB) and EHMT2 (G9a) Positively Regulate rRNA Expression,0.03916468951829474,0.023003340468872008,1.7483382172538717,1.9246332339313905
RR1,REAC,Epigenetic Regulation of Gene Expression,0.001863347443467451,0.001,2.0905970966123015,3.119327242685177
RR1,REAC,Export of Viral Ribonucleoproteins From Nucleus,0.003146093904549895,0.001,2.0400758069616227,2.593607233011037
RR1,REAC,FCERI Mediated Ca+2 Mobilization,0.015072605751041898,0.018117351568705073,1.875045137330933,1.9707579602702099
RR1,REAC,FCERI Mediated MAPK Activation,0.009458115244962846,0.006728335039255424,1.9327430112118165,2.161998594393362
RR1,REAC,FGFR2 Alternative Splicing,0.03587136766168989,0.008738520350006957,1.7702327816512495,2.094432439076453
RR1,REAC,Fc Epsilon Receptor (FCERI) Signaling,0.008267362303522319,0.011016134548342672,1.9456005314067135,2.0573946795803066
RR1,REAC,Formation of WDR5-containing Histone-Modifying Complexes,0.001,0.001,2.4480393459798817,3.023331000197384
RR1,REAC,Gene Silencing by RNA,0.02153450078605351,0.014352492464005582,1.83543914323277,2.006571358831519
RR1,REAC,Global Genome Nucleotide Excision Repair (GG-NER),0.02528251764510974,0.007686126322473922,1.8101098739256443,2.126846937232887
RR1,REAC,HATs Acetylate Histones,0.001,0.001,2.3468915367616607,3.302575982161443
RR1,REAC,HCMV Late Events,0.028772988445231157,0.0015301402238763876,1.7950192308441306,2.3915533242236484
RR1,REAC,HDACs Deacetylate Histones,0.001,0.001,2.1663943104659293,2.461779656172707
RR1,REAC,HDMs Demethylate Histones,0.001,0.001,2.2300513188078708,2.71639528548627
RR1,REAC,HIV Infection,0.014846333321503324,0.003526821121653134,1.8822329652002194,2.259861626111863
RR1,REAC,HIV Life Cycle,0.00303321322047461,0.001,2.0279992937334743,2.7161929163159595
RR1,REAC,Interactions of Rev With Host Cellular Proteins,0.0041777398732505385,0.003121152708612646,2.000921080580739,2.2751277695729333
RR1,REAC,Interactions of Vpr With Host Cellular Proteins,0.0252970943049691,0.005539404725039101,1.8166197393142471,2.1902319012596174
RR1,REAC,Intra-Golgi Traffic,0.019533618018475946,0.001,1.8490273903816499,2.47674463663665
RR1,REAC,Late Phase of HIV Life Cycle,0.0014727085664302494,0.001,2.1136998029626928,2.936702199928989
RR1,REAC,M-decay Degradation of Maternal mRNAs by Maternally Stored Factors,0.027407583411895746,0.0016998556885428771,1.8004061008687262,2.361485584552867
RR1,REAC,Metabolism of Non-Coding RNA,0.025559990023140387,0.002158351920159618,1.811732435244292,2.3143198499470365
RR1,REAC,NEP NS2 Interacts With the Cellular Export Machinery,0.003146093904549895,0.001,2.0400758069616227,2.593607233011037
RR1,REAC,Nonhomologous End-Joining (NHEJ),0.04798339401297019,0.030379703241695567,1.7237805209210486,1.8678955077153925
RR1,REAC,Notch-HLH Transcription Pathway,0.04348346790946794,0.009433608843743335,1.7359860311736959,2.084719740536602
RR1,REAC,Nuclear Import of Rev Protein,0.010341327186251971,0.0017979242859588124,1.9225644244021969,2.3345850781561146
RR1,REAC,Nucleotide Excision Repair,0.04023815704625027,0.008336672972507876,1.7501781987731209,2.101804785680389
RR1,REAC,PKMTs Methylate Histone Lysines,0.0028115345359122947,0.001,2.051634898788364,2.455728648357558
RR1,REAC,PTEN Regulation,0.03817309155019067,0.03905401027873075,1.760711592779894,1.8195279860550793
RR1,REAC,"PTK6 Regulates RHO GTPases, RAS GTPase and MAP Kinases",0.021238374663336116,0.00460622464006416,1.8385488124269778,2.2165992945064903
RR1,REAC,Postmitotic Nuclear Pore Complex (NPC) Reformation,0.017332646974140626,0.011550037125513533,1.860496184174975,2.046181071495281
RR1,REAC,Processing of Capped Intron-Containing Pre-mRNA,0.001,0.001,2.802275350070499,3.805469420356203
RR1,REAC,Processing of Capped Intronless Pre-mRNA,0.023375083592288272,0.001,1.8256626508653544,2.8201605165042105
RR1,REAC,Processing of Intronless Pre-mRNAs,0.001,0.001,2.1975194333876797,3.0109233815845196
RR1,REAC,RAB GEFs Exchange GTP for GDP on RABs,0.0020391349381341916,0.007427083283904857,2.076768662460833,2.135513135815017
RR1,REAC,RHOBTB GTPase Cycle,0.022871789641908134,0.0017529761788098422,1.8291803119847143,2.3387983468340177
RR1,REAC,RHOBTB1 GTPase Cycle,0.027297219705156375,0.007215375164565511,1.8017074209770934,2.1394830877662914
RR1,REAC,RHOBTB2 GTPase Cycle,0.040118794364221534,0.01994476620465028,1.7527877819840978,1.948679983824387
RR1,REAC,RHOV GTPase Cycle,0.02558695347028657,0.0016973261413873073,1.8104351140692052,2.3694252612068016
RR1,REAC,RIP-mediated NFkB Activation via ZBP1,0.0360902316158931,0.007818273757491896,1.7680114660974862,2.1152747078436254
RR1,REAC,RNA Polymerase II Pre-transcription Events,0.008405767356086502,0.001,1.9458344644324037,2.7220390781105497
RR1,REAC,RNA Polymerase II Transcribes snRNA Genes,0.014125643844165944,0.001,1.8884852788498598,2.589798341310483
RR1,REAC,RNA Polymerase II Transcription Termination,0.001,0.001,2.2516955727085968,3.3050547202994762
RR1,REAC,RNA Polymerase III Abortive And Retractive Initiation,0.01109529304573016,0.001,1.914252719462229,2.6273876410674832
RR1,REAC,RNA Polymerase III Transcription,0.01109529304573016,0.001,1.914252719462229,2.6273876410674832
RR1,REAC,RNA Polymerase III Transcription Initiation,0.01505682673068729,0.001,1.8824857031116058,2.4638322989135433
RR1,REAC,RUNX1 Interacts With Co-Factors Whose Precise Effect on RUNX1 Targets Is Not Known,0.001,0.001,2.191829921367219,2.4933642244812586
RR1,REAC,Recruitment and ATM-med Phosphorylation of Repair and Signaling Proteins at DNA Double Strand Breaks,0.031348473194480704,0.01767831909138739,1.7849432485194396,1.9747467832806196
RR1,REAC,Regulation of Endogenous Retroelements,0.001,0.001,2.2099685708504624,3.1280032312959314
RR1,REAC,Regulation of Endogenous Retroelements by Piwi-interacting RNAs (piRNAs),0.001333280536472356,0.001,2.1223460808672514,3.0694215790199397
RR1,REAC,Regulation of MITF-M-dependent Genes Involved in Pigmentation,0.04020990804972479,0.006858732039421033,1.749114786017009,2.1589245821795298
RR1,REAC,Regulation of PTEN Gene Transcription,0.003112363852941661,0.001,2.032055902167642,2.4783047718708913
RR1,REAC,Regulation of TP53 Activity,0.040518810711866464,0.001,1.753137910025684,2.5711006014754894
RR1,REAC,Regulation of TP53 Activity Through Acetylation,0.0023896112556260054,0.001,2.0628104132572815,2.4851806506947427
RR1,REAC,Retrograde Transport at the Trans-Golgi-Network,0.001,0.001,2.1903694042925195,3.1105129067156017
RR1,REAC,Rev-mediated Nuclear Export of HIV RNA,0.0031138141622859953,0.0017415932166097783,2.0337191347438006,2.338523469162781
RR1,REAC,SUMO E3 Ligases SUMOylate Target Proteins,0.001,0.001,2.239446188925883,2.6785646153212586
RR1,REAC,SUMOylation,0.001,0.001,2.297486088600983,2.7132954616622857
RR1,REAC,SUMOylation of Chromatin Organization Proteins,0.001,0.001,2.387918940378206,2.856080085841789
RR1,REAC,SUMOylation of DNA Damage Response and Repair Proteins,0.001,0.001,2.2631564862297533,2.8599628430923545
RR1,REAC,SUMOylation of DNA Methylation Proteins,0.016430079050704184,0.008705120342498875,1.8665152467289523,2.096184475545352
RR1,REAC,SUMOylation of RNA Binding Proteins,0.001,0.001,2.244689959665361,2.745334175464493
RR1,REAC,SUMOylation of SUMOylation Proteins,0.007492635354074471,0.0017404549203897718,1.956267205180316,2.3479782050775544
RR1,REAC,SUMOylation of Transcription Cofactors,0.001,0.001,2.2545407517379368,2.646950501259276
RR1,REAC,SUMOylation of Transcription Factors,0.0030870237257864842,0.028159681265082302,2.037799986262339,1.8816880251343227
RR1,REAC,SUMOylation of Ubiquitinylation Proteins,0.010004505790220877,0.001,1.927070433448123,2.565356592136278
RR1,REAC,TP53 Regulates Transcription of Additional Cell Cycle Genes With Uncertain Roles in the P53 Pathway,0.039550254569306026,0.007062471335781959,1.7486426862024764,2.1539996623658393
RR1,REAC,Transcription of the HIV Genome,0.01474857080253954,0.001,1.880728883592929,2.5101687939267516
RR1,REAC,Transcriptional Regulation by VENTX,0.005728998159519871,0.001,1.9770779598842576,2.7180147910673256
RR1,REAC,Transport of Mature Transcript to Cytoplasm,0.001,0.001,2.469511594379989,3.4282367970808543
RR1,REAC,Transport of Mature mRNA Derived From an Intron-Containing Transcript,0.001,0.001,2.424041099574194,3.1811172600649353
RR1,REAC,Transport of Mature mRNA Derived From an Intronless Transcript,0.001,0.001,2.1808696450204703,3.0413629613156914
RR1,REAC,Transport of Mature mRNAs Derived From Intronless Transcripts,0.001,0.001,2.2173005916413473,3.104154798539875
RR1,REAC,Transport of Ribonucleoproteins Into the Host Nucleus,0.02045507234815861,0.004186519579981152,1.843983189597711,2.240601011862514
RR1,REAC,Transport of the SLBP Dependant Mature mRNA,0.0017478299469721643,0.001,2.0951590734033503,2.6815733110782745
RR1,REAC,Transport of the SLBP Independent Mature mRNA,0.003058702407201288,0.001,2.0311999935273266,2.608271215031895
RR1,REAC,Vpr-mediated Nuclear Import of PICs,0.014654122267269443,0.001777665984145192,1.8798051911106994,2.3442931705998515
RR1,REAC,mRNA 3'-End Processing,0.001,0.001,2.4704559427471797,3.3858691041116185
RR1,REAC,mRNA Splicing,0.001,0.001,2.654855367295251,3.441160146030154
RR1,REAC,mRNA Splicing - Major Pathway,0.001,0.001,2.607415979208018,3.429151034260516
RR1,REAC,rRNA Modification in the Nucleus and Cytosol,0.04354539771112371,0.004138971533301016,1.7368137977012392,2.234101936964118
RR1,REAC,snRNP Assembly,0.025559990023140387,0.002158351920159618,1.811732435244292,2.3143198499470365
RR1,REAC,tRNA Processing in the Nucleus,0.012542603581731065,0.008394059010070206,1.902779585470534,2.101895479498656
RR3-39,GO:BP,Detection of Light Stimulus Involved in Sensory Perception (GO:0050962),0.023394351464435147,0.011946565125127137,2.3413338940199644,2.103570092828054
RR3-39,GO:BP,Detection of Light Stimulus Involved in Visual Perception (GO:0050908),0.023394351464435147,0.011946565125127137,2.3413338940199644,2.103570092828054
