human_ensembl,mouse_ensembl,human_symbol_original,human_symbol_hgnc,mouse_symbol,hgnc_resolved,protein_coding_hgnc,present_archs4_human,present_archs4_mouse,expressed_tcga,expressed_tcga_exact_old_symbol,expressed_osdr,has_human_exon_length,has_mouse_exon_length,in_current_vocab,unique_pair_after_hgnc,eligible_reconciled,eligible_with_exact_tcga_symbol,training_ready
ENSG00000090861,ENSMUSG00000031960,AARS1,AARS1,Aars1,True,True,True,True,True,False,True,True,True,False,True,True,False,True
ENSG00000151136,ENSMUSG00000020042,ABTB3,ABTB3,Abtb3,True,True,True,True,True,False,True,True,True,False,True,True,False,True
ENSG00000014257,ENSMUSG00000032561,ACP3,ACP3,Acp3,True,True,True,True,True,False,True,True,True,False,True,True,False,True
ENSG00000188493,ENSMUSG00000078786,ACTMAP,ACTMAP,Actmap,True,True,True,True,True,False,True,True,True,False,True,True,False,True
ENSG00000101220,ENSMUSG00000027327,ADISSP,ADISSP,Adissp,True,True,True,True,True,False,True,True,True,False,True,True,False,True
ENSG00000185100,ENSMUSG00000011148,ADSS1,ADSS1,Adss1,True,True,True,True,True,False,True,True,True,False,True,True,False,True
ENSG00000035687,ENSMUSG00000015961,ADSS2,ADSS2,Adss2,True,True,True,True,True,False,True,True,True,False,True,True,False,True
ENSG00000145375,ENSMUSG00000027722,AFG2A,AFG2A,Afg2a,True,True,True,True,True,False,True,True,True,False,True,True,False,True
ENSG00000171763,ENSMUSG00000118663,AFG2B,AFG2B,Afg2b,True,True,True,True,True,False,True,True,True,False,True,True,False,True
ENSG00000116922,ENSMUSG00000044730,AIRIM,AIRIM,Airim,True,True,True,True,True,False,True,True,True,False,True,True,False,True
ENSG00000187699,ENSMUSG00000043629,C2ORF88,AKAP19,1700019D03Rik,True,True,True,True,True,True,True,True,True,False,True,True,True,True
ENSG00000085662,ENSMUSG00000001642,AKR1B1,AKR1B1,Akr1b1,True,True,True,True,True,True,True,True,True,False,True,True,True,True
ENSG00000113391,ENSMUSG00000064138,ARB2A,ARB2A,Arb2a,True,True,True,True,True,False,True,True,True,False,True,True,False,True
ENSG00000141622,ENSMUSG00000025427,ARK2C,ARK2C,Ark2c,True,True,True,True,True,False,True,True,True,False,True,True,False,True
ENSG00000152242,ENSMUSG00000047466,ARK2N,ARK2N,Ark2n,True,True,True,True,True,False,True,True,True,False,True,True,False,True
ENSG00000164096,ENSMUSG00000054091,ARLN,ARLN,Arln,True,True,True,True,True,False,True,True,True,False,True,True,False,True
ENSG00000047346,ENSMUSG00000034858,ATOSA,ATOSA,Atosa,True,True,True,True,True,False,True,True,True,False,True,True,False,True
ENSG00000005238,ENSMUSG00000036002,ATOSB,ATOSB,Atosb,True,True,True,True,True,False,True,True,True,False,True,True,False,True
ENSG00000152234,ENSMUSG00000025428,ATP5F1A,ATP5F1A,Atp5f1a,True,True,True,True,True,False,True,True,True,False,True,True,False,True
ENSG00000110955,ENSMUSG00000025393,ATP5F1B,ATP5F1B,Atp5f1b,True,True,True,True,True,False,True,True,True,False,True,True,False,True
ENSG00000165629,ENSMUSG00000025781,ATP5F1C,ATP5F1C,Atp5f1c,True,True,True,True,True,False,True,True,True,False,True,True,False,True
ENSG00000099624,ENSMUSG00000003072,ATP5F1D,ATP5F1D,Atp5f1d,True,True,True,True,True,False,True,True,True,False,True,True,False,True
ENSG00000124172,ENSMUSG00000016252,ATP5F1E,ATP5F1E,Atp5f1e,True,True,True,True,True,False,True,True,True,False,True,True,False,True
ENSG00000130770,ENSMUSG00000054428,ATP5IF1,ATP5IF1,Atp5if1,True,True,True,True,True,False,True,True,True,False,True,True,False,True
ENSG00000135390,ENSMUSG00000062683,ATP5MC2,ATP5MC2,Atp5mc2,True,True,True,True,True,False,True,True,True,False,True,True,False,True
ENSG00000154518,ENSMUSG00000018770,ATP5MC3,ATP5MC3,Atp5mc3,True,True,True,True,True,False,True,True,True,False,True,True,False,True
ENSG00000169020,ENSMUSG00000050856,ATP5ME,ATP5ME,Atp5me,True,True,True,True,True,False,True,True,True,False,True,True,False,True
ENSG00000241468,ENSMUSG00000038690,ATP5MF,ATP5MF,Atp5mf,True,True,True,True,True,False,True,True,True,False,True,True,False,True
ENSG00000156411,ENSMUSG00000021290,ATP5MJ,ATP5MJ,Atp5mj,True,True,True,True,True,False,True,True,True,False,True,True,False,True
ENSG00000173915,ENSMUSG00000071528,ATP5MK,ATP5MK,Atp5mk,True,True,True,True,True,False,True,True,True,False,True,True,False,True
ENSG00000167863,ENSMUSG00000034566,ATP5PD,ATP5PD,Atp5pd,True,True,True,True,True,False,True,True,True,False,True,True,False,True
ENSG00000154723,ENSMUSG00000022890,ATP5PF,ATP5PF,Atp5pf,True,True,True,True,True,False,True,True,True,False,True,True,False,True
ENSG00000241837,ENSMUSG00000022956,ATP5PO,ATP5PO,Atp5po,True,True,True,True,True,False,True,True,True,False,True,True,False,True
ENSG00000258315,ENSMUSG00000020831,BACC1,BACC1,Bacc1,True,True,True,True,True,False,True,True,True,False,True,True,False,True
ENSG00000182919,ENSMUSG00000031938,C11ORF54,BKGD,4931406C07Rik,True,True,True,True,True,True,True,True,True,False,True,True,True,True
ENSG00000138688,ENSMUSG00000037270,BLTP1,BLTP1,Bltp1,True,True,True,True,True,False,True,True,True,False,True,True,False,True
ENSG00000007202,ENSMUSG00000010277,BLTP2,BLTP2,Bltp2,True,True,True,True,True,False,True,True,True,False,True,True,False,True
ENSG00000065060,ENSMUSG00000039512,BLTP3A,BLTP3A,Bltp3a,True,True,True,True,True,False,True,True,True,False,True,True,False,True
ENSG00000111647,ENSMUSG00000019951,BLTP3B,BLTP3B,Bltp3b,True,True,True,True,True,False,True,True,True,False,True,True,False,True
ENSG00000133794,ENSMUSG00000055116,BMAL1,BMAL1,Bmal1,True,True,True,True,True,False,True,True,True,False,True,True,False,True
ENSG00000029153,ENSMUSG00000040187,BMAL2,BMAL2,Bmal2,True,True,True,True,True,False,True,True,True,False,True,True,False,True
ENSG00000183354,ENSMUSG00000046138,BRD10,BRD10,Brd10,True,True,True,True,True,False,True,True,True,False,True,True,False,True
ENSG00000214688,ENSMUSG00000090439,C10ORF105,C10ORF105,Gm17455,True,True,True,True,True,True,True,True,True,False,True,True,True,True
ENSG00000178645,ENSMUSG00000072473,C10ORF53,C10ORF53,1700024G13Rik,True,True,True,True,True,True,True,True,True,False,True,True,True,True
ENSG00000177354,ENSMUSG00000071540,C10ORF71,C10ORF71,3425401B19Rik,True,True,True,True,True,True,True,True,True,False,True,True,True,True
ENSG00000119965,ENSMUSG00000040177,C10ORF88,C10ORF88,2310057M21Rik,True,True,True,True,True,True,True,True,True,False,True,True,True,True
ENSG00000154493,ENSMUSG00000030994,C10ORF90,C10ORF90,D7Ertd443e,True,True,True,True,True,True,True,True,True,False,True,True,True,True
ENSG00000120055,ENSMUSG00000099655,C10ORF95,C10ORF95,2310034G01Rik,True,True,True,True,True,True,True,True,True,False,True,True,True,True
ENSG00000176029,ENSMUSG00000031022,C11ORF16,C11ORF16,BC051019,True,True,True,True,True,True,True,True,True,False,True,True,True,True
ENSG00000180878,ENSMUSG00000078611,C11ORF42,C11ORF42,Gm5901,True,True,True,True,True,True,True,True,True,False,True,True,True,True
ENSG00000149300,ENSMUSG00000032062,C11ORF52,C11ORF52,2310030G06Rik,True,True,True,True,True,True,True,True,True,False,True,True,True,True
ENSG00000110696,ENSMUSG00000030663,C11ORF58,C11ORF58,1110004F10Rik,True,True,True,True,True,True,True,True,True,False,True,True,True,True
ENSG00000166323,ENSMUSG00000005131,C11ORF65,C11ORF65,4930550C14Rik,True,True,True,True,True,True,True,True,True,False,True,True,True,True
ENSG00000175573,ENSMUSG00000047423,C11ORF68,C11ORF68,AI837181,True,True,True,True,True,True,True,True,True,False,True,True,True,True
ENSG00000180425,ENSMUSG00000042293,C11ORF71,C11ORF71,Gm5617,True,True,True,True,True,True,True,True,True,False,True,True,True,True
ENSG00000173237,ENSMUSG00000042041,C11ORF86,C11ORF86,2010003K11Rik,True,True,True,True,True,True,True,True,True,False,True,True,True,True
ENSG00000185742,ENSMUSG00000078307,C11ORF87,C11ORF87,AI593442,True,True,True,True,True,True,True,True,True,False,True,True,True,True
ENSG00000205177,ENSMUSG00000032671,C11ORF91,C11ORF91,A930018P22Rik,True,True,True,True,True,True,True,True,True,False,True,True,True,True
ENSG00000257057,ENSMUSG00000031927,C11ORF97,C11ORF97,1700012B09Rik,True,True,True,True,True,True,True,True,True,False,True,True,True,True
ENSG00000278615,ENSMUSG00000071653,C11ORF98,C11ORF98,1810009A15Rik,True,True,True,True,True,True,True,True,True,False,True,True,True,True
ENSG00000157895,ENSMUSG00000029559,C12ORF43,C12ORF43,2210016L21Rik,True,True,True,True,True,True,True,True,True,False,True,True,True,True
ENSG00000185306,ENSMUSG00000047642,C12ORF56,C12ORF56,D930020B18Rik,True,True,True,True,True,True,True,True,True,False,True,True,True,True
ENSG00000111678,ENSMUSG00000072772,C12ORF57,C12ORF57,Grcc10,True,True,True,True,True,True,True,True,True,False,True,True,True,True
ENSG00000182993,ENSMUSG00000047515,C12ORF60,C12ORF60,BC049715,True,True,True,True,True,True,True,True,True,False,True,True,True,True
ENSG00000235162,ENSMUSG00000087651,C12ORF75,C12ORF75,1500009L16Rik,True,True,True,True,True,True,True,True,True,False,True,True,True,True
ENSG00000179933,ENSMUSG00000040822,C14ORF119,C14ORF119,1700123O20Rik,True,True,True,True,True,True,True,True,True,False,True,True,True,True
ENSG00000227051,ENSMUSG00000094910,C14ORF132,C14ORF132,D430019H16Rik,True,True,True,True,True,True,True,True,True,False,True,True,True,True
ENSG00000179008,ENSMUSG00000021098,C14ORF39,C14ORF39,4930447C04Rik,True,True,True,True,True,True,True,True,True,False,True,True,True,True
ENSG00000100802,ENSMUSG00000022179,C14ORF93,C14ORF93,4931414P19Rik,True,True,True,True,True,True,True,True,True,False,True,True,True,True
ENSG00000169609,ENSMUSG00000025102,C15ORF40,C15ORF40,3110040N11Rik,True,True,True,True,True,True,True,True,True,False,True,True,True,True
ENSG00000189227,ENSMUSG00000032403,C15ORF61,C15ORF61,2300009A05Rik,True,True,True,True,True,True,True,True,True,False,True,True,True,True
ENSG00000188277,ENSMUSG00000055926,C15ORF62,C15ORF62,Gm14137,True,True,True,True,True,True,True,True,True,False,True,True,True,True
ENSG00000166455,ENSMUSG00000031847,C16ORF46,C16ORF46,1700030J22Rik,True,True,True,True,True,True,True,True,True,False,True,True,True,True
ENSG00000185905,ENSMUSG00000045165,C16ORF54,C16ORF54,AI467606,True,True,True,True,True,True,True,True,True,False,True,True,True,True
ENSG00000166152,ENSMUSG00000069971,C16ORF78,C16ORF78,4933402J07Rik,True,True,True,True,True,True,True,True,True,False,True,True,True,True
ENSG00000159761,ENSMUSG00000013158,C16ORF86,C16ORF86,4933405L10Rik,True,True,True,True,True,True,True,True,True,False,True,True,True,True
ENSG00000153446,ENSMUSG00000051669,C16ORF89,C16ORF89,AU021092,True,True,True,True,True,True,True,True,True,False,True,True,True,True
ENSG00000215131,ENSMUSG00000005983,C16ORF90,C16ORF90,1700037C18Rik,True,True,True,True,True,True,True,True,True,False,True,True,True,True
ENSG00000256806,ENSMUSG00000053574,C17ORF100,C17ORF100,4930563E22Rik,True,True,True,True,True,True,True,True,True,False,True,True,True,True
ENSG00000205710,ENSMUSG00000087279,C17ORF107,C17ORF107,4930544D05Rik,True,True,True,True,True,True,True,True,True,False,True,True,True,True
ENSG00000186665,ENSMUSG00000078607,C17ORF58,C17ORF58,1810010H24Rik,True,True,True,True,True,True,True,True,True,False,True,True,True,True
ENSG00000214226,ENSMUSG00000072553,C17ORF67,C17ORF67,Gm525,True,True,True,True,True,True,True,True,True,False,True,True,True,True
ENSG00000108666,ENSMUSG00000057181,C17ORF75,C17ORF75,5730455P16Rik,True,True,True,True,True,True,True,True,True,False,True,True,True,True
ENSG00000278505,ENSMUSG00000051452,C17ORF78,C17ORF78,Gm11437,True,True,True,True,True,True,True,True,True,False,True,True,True,True
ENSG00000177576,ENSMUSG00000036299,C18ORF32,C18ORF32,BC031181,True,True,True,True,True,True,True,True,True,False,True,True,True,True
ENSG00000166845,ENSMUSG00000044906,C18ORF54,C18ORF54,4930503L19Rik,True,True,True,True,True,True,True,True,True,False,True,True,True,True
ENSG00000206043,ENSMUSG00000117781,C18ORF63,C18ORF63,Gm17266,True,True,True,True,True,True,True,True,True,False,True,True,True,True
ENSG00000131943,ENSMUSG00000054676,C19ORF12,C19ORF12,1600014C10Rik,True,True,True,True,True,True,True,True,True,False,True,True,True,True
ENSG00000119559,ENSMUSG00000020133,C19ORF25,C19ORF25,2310011J03Rik,True,True,True,True,True,True,True,True,True,False,True,True,True,True
ENSG00000167644,ENSMUSG00000030587,C19ORF33,C19ORF33,2200002D01Rik,True,True,True,True,True,True,True,True,True,False,True,True,True,True
ENSG00000214212,ENSMUSG00000057191,C19ORF38,C19ORF38,AB124611,True,True,True,True,True,True,True,True,True,False,True,True,True,True
ENSG00000160392,ENSMUSG00000049643,C19ORF47,C19ORF47,2310022A10Rik,True,True,True,True,True,True,True,True,True,False,True,True,True,True
ENSG00000104979,ENSMUSG00000019362,C19ORF53,C19ORF53,D8Ertd738e,True,True,True,True,True,True,True,True,True,False,True,True,True,True
ENSG00000188032,ENSMUSG00000046408,C19ORF67,C19ORF67,1700067K01Rik,True,True,True,True,True,True,True,True,True,False,True,True,True,True
ENSG00000262874,ENSMUSG00000118553,C19ORF84,C19ORF84,Gm38999,True,True,True,True,True,True,True,True,True,False,True,True,True,True
ENSG00000180999,ENSMUSG00000086277,C1ORF105,C1ORF105,4930558K02Rik,True,True,True,True,True,True,True,True,True,False,True,True,True,True
ENSG00000162817,ENSMUSG00000039349,C1ORF115,C1ORF115,C130074G19Rik,True,True,True,True,True,True,True,True,True,False,True,True,True,True
ENSG00000182795,ENSMUSG00000042510,C1ORF116,C1ORF116,AA986860,True,True,True,True,True,True,True,True,True,False,True,True,True,True
ENSG00000197982,ENSMUSG00000078570,C1ORF122,C1ORF122,1110065P20Rik,True,True,True,True,True,True,True,True,True,False,True,True,True,True
ENSG00000203910,ENSMUSG00000089798,C1ORF146,C1ORF146,1700028K03Rik,True,True,True,True,True,True,True,True,True,False,True,True,True,True
ENSG00000131591,ENSMUSG00000059939,C1ORF159,C1ORF159,9430015G10Rik,True,True,True,True,True,True,True,True,True,False,True,True,True,True
ENSG00000143110,ENSMUSG00000074342,C1ORF162,C1ORF162,I830077J02Rik,True,True,True,True,True,True,True,True,True,False,True,True,True,True
ENSG00000198912,ENSMUSG00000047613,C1ORF174,C1ORF174,A430005L14Rik,True,True,True,True,True,True,True,True,True,False,True,True,True,True
ENSG00000119280,ENSMUSG00000031983,C1ORF198,C1ORF198,2310022B05Rik,True,True,True,True,True,True,True,True,True,False,True,True,True,True
ENSG00000116667,ENSMUSG00000032666,C1ORF21,C1ORF21,1700025G04Rik,True,True,True,True,True,True,True,True,True,False,True,True,True,True
ENSG00000253313,ENSMUSG00000028536,C1ORF210,C1ORF210,2610528J11Rik,True,True,True,True,True,True,True,True,True,False,True,True,True,True
ENSG00000142686,ENSMUSG00000073755,C1ORF216,C1ORF216,5730409E04Rik,True,True,True,True,True,True,True,True,True,False,True,True,True,True
ENSG00000143793,ENSMUSG00000020441,C1ORF35,C1ORF35,2310033P09Rik,True,True,True,True,True,True,True,True,True,False,True,True,True,True
ENSG00000164008,ENSMUSG00000078584,C1ORF50,C1ORF50,AU022252,True,True,True,True,True,True,True,True,True,False,True,True,True,True
ENSG00000162642,ENSMUSG00000036873,C1ORF52,C1ORF52,2410004B18Rik,True,True,True,True,True,True,True,True,True,False,True,True,True,True
ENSG00000203724,ENSMUSG00000079283,C1ORF53,C1ORF53,2310009B15Rik,True,True,True,True,True,True,True,True,True,False,True,True,True,True
ENSG00000118292,ENSMUSG00000038543,C1ORF54,C1ORF54,BC028528,True,True,True,True,True,True,True,True,True,False,True,True,True,True
ENSG00000143443,ENSMUSG00000068860,C1ORF56,C1ORF56,Gm128,True,True,True,True,True,True,True,True,True,False,True,True,True,True
ENSG00000162757,ENSMUSG00000079144,C1ORF74,C1ORF74,A130010J15Rik,True,True,True,True,True,True,True,True,True,False,True,True,True,True
ENSG00000162598,ENSMUSG00000078639,C1ORF87,C1ORF87,Gm12695,True,True,True,True,True,True,True,True,True,False,True,True,True,True
ENSG00000142698,ENSMUSG00000028813,C1ORF94,C1ORF94,CK137956,True,True,True,True,True,True,True,True,True,False,True,True,True,True
ENSG00000215595,ENSMUSG00000087035,C20ORF202,C20ORF202,Tmem74bos,True,True,True,True,True,True,True,True,True,False,True,True,True,True
ENSG00000196421,ENSMUSG00000108976,C20ORF204,C20ORF204,Gm29797,True,True,True,True,True,False,True,True,True,False,True,True,False,True
ENSG00000222018,ENSMUSG00000051728,C21ORF140,C21ORF140,Fam243,True,True,True,True,True,True,True,True,True,False,True,True,True,True
ENSG00000154642,ENSMUSG00000022864,C21ORF91,C21ORF91,D16Ertd472e,True,True,True,True,True,True,True,True,True,False,True,True,True,True
ENSG00000169314,ENSMUSG00000050157,C22ORF15,C22ORF15,Gm867,True,True,True,True,True,True,True,True,True,False,True,True,True,True
ENSG00000128346,ENSMUSG00000033029,C22ORF23,C22ORF23,1700088E04Rik,True,True,True,True,True,True,True,True,True,False,True,True,True,True
ENSG00000242259,ENSMUSG00000071632,C22ORF39,C22ORF39,2510002D24Rik,True,True,True,True,True,True,True,True,True,False,True,True,True,True
ENSG00000115998,ENSMUSG00000046679,C2ORF42,C2ORF42,C87436,True,True,True,True,True,True,True,True,True,False,True,True,True,True
ENSG00000187944,ENSMUSG00000109809,C2ORF66,C2ORF66,Gm34066,True,True,True,True,True,True,True,True,True,False,True,True,True,True
ENSG00000168887,ENSMUSG00000058706,C2ORF68,C2ORF68,0610030E20Rik,True,True,True,True,True,True,True,True,True,False,True,True,True,True
ENSG00000178074,ENSMUSG00000038323,C2ORF69,C2ORF69,1700066M21Rik,True,True,True,True,True,True,True,True,True,False,True,True,True,True
ENSG00000204128,ENSMUSG00000026227,C2ORF72,C2ORF72,2810459M11Rik,True,True,True,True,True,True,True,True,True,False,True,True,True,True
ENSG00000186132,ENSMUSG00000026388,C2ORF76,C2ORF76,3110009E18Rik,True,True,True,True,True,True,True,True,True,False,True,True,True,True
ENSG00000188674,ENSMUSG00000044816,C2ORF80,C2ORF80,D630023F18Rik,True,True,True,True,True,True,True,True,True,False,True,True,True,True
ENSG00000284308,ENSMUSG00000030030,C2ORF81,C2ORF81,1700003E16Rik,True,True,True,True,True,True,True,True,True,False,True,True,True,True
ENSG00000088543,ENSMUSG00000037977,C3ORF18,C3ORF18,6430571L13Rik,True,True,True,True,True,True,True,True,True,False,True,True,True,True
ENSG00000179021,ENSMUSG00000059920,C3ORF38,C3ORF38,4930453N24Rik,True,True,True,True,True,True,True,True,True,False,True,True,True,True
ENSG00000163632,ENSMUSG00000079357,C3ORF49,C3ORF49,Gm11100,True,True,True,True,True,True,True,True,True,False,True,True,True,True
ENSG00000114529,ENSMUSG00000033187,C3ORF52,C3ORF52,BC016579,True,True,True,True,True,True,True,True,True,False,True,True,True,True
ENSG00000188315,ENSMUSG00000032611,C3ORF62,C3ORF62,1700102P08Rik,True,True,True,True,True,True,True,True,True,False,True,True,True,True
ENSG00000187068,ENSMUSG00000043391,C3ORF70,C3ORF70,2510009E07Rik,True,True,True,True,True,True,True,True,True,False,True,True,True,True
ENSG00000180044,ENSMUSG00000046999,C3ORF80,C3ORF80,1110032F04Rik,True,True,True,True,True,True,True,True,True,False,True,True,True,True
ENSG00000241224,ENSMUSG00000110573,C3ORF85,C3ORF85,Gm5485,True,True,True,True,True,False,True,True,True,False,True,True,False,True
ENSG00000138813,ENSMUSG00000012042,C4ORF17,C4ORF17,4930579F01Rik,True,True,True,True,True,True,True,True,True,False,True,True,True,True
ENSG00000151470,ENSMUSG00000025766,C4ORF33,C4ORF33,D3Ertd751e,True,True,True,True,True,True,True,True,True,False,True,True,True,True
ENSG00000163633,ENSMUSG00000029320,C4ORF36,C4ORF36,1700016H13Rik,True,True,True,True,True,True,True,True,True,False,True,True,True,True
ENSG00000205208,ENSMUSG00000027811,C4ORF46,C4ORF46,4930579G24Rik,True,True,True,True,True,True,True,True,True,False,True,True,True,True
ENSG00000237136,ENSMUSG00000031682,C4ORF51,C4ORF51,1700011L22Rik,True,True,True,True,True,True,True,True,True,False,True,True,True,True
ENSG00000248713,ENSMUSG00000090066,C4ORF54,C4ORF54,1110002E22Rik,True,True,True,True,True,False,True,True,True,False,True,True,False,True
ENSG00000113583,ENSMUSG00000036275,C5ORF15,C5ORF15,9530068E07Rik,True,True,True,True,True,True,True,True,True,False,True,True,True,True
ENSG00000082213,ENSMUSG00000022195,C5ORF22,C5ORF22,6030458C11Rik,True,True,True,True,True,True,True,True,True,False,True,True,True,True
ENSG00000181904,ENSMUSG00000045767,C5ORF24,C5ORF24,B230219D22Rik,True,True,True,True,True,True,True,True,True,False,True,True,True,True
ENSG00000172244,ENSMUSG00000062822,C5ORF34,C5ORF34,4833420G17Rik,True,True,True,True,True,True,True,True,True,False,True,True,True,True
ENSG00000178776,ENSMUSG00000071858,C5ORF46,C5ORF46,Gm94,True,True,True,True,True,True,True,True,True,False,True,True,True,True
ENSG00000164241,ENSMUSG00000024592,C5ORF63,C5ORF63,C330018D20Rik,True,True,True,True,True,True,True,True,True,False,True,True,True,True
ENSG00000185127,ENSMUSG00000050088,C6ORF120,C6ORF120,1600012H06Rik,True,True,True,True,True,True,True,True,True,False,True,True,True,True
ENSG00000188112,ENSMUSG00000034382,C6ORF132,C6ORF132,AI661453,True,True,True,True,True,True,True,True,True,False,True,True,True,True
ENSG00000203872,ENSMUSG00000071015,C6ORF163,C6ORF163,Gm136,True,True,True,True,True,True,True,True,True,False,True,True,True,True
ENSG00000204439,ENSMUSG00000043311,C6ORF47,C6ORF47,D17H6S53E,True,True,True,True,True,True,True,True,True,False,True,True,True,True
ENSG00000184530,ENSMUSG00000015519,C6ORF58,C6ORF58,2310057J18Rik,True,True,True,True,True,True,True,True,True,False,True,True,True,True
ENSG00000112308,ENSMUSG00000019132,C6ORF62,C6ORF62,BC005537,True,True,True,True,True,True,True,True,True,False,True,True,True,True
ENSG00000198663,ENSMUSG00000052712,C6ORF89,C6ORF89,BC004004,True,True,True,True,True,True,True,True,True,False,True,True,True,True
ENSG00000136197,ENSMUSG00000039182,C7ORF25,C7ORF25,AW209491,True,True,True,True,True,True,True,True,True,False,True,True,True,True
ENSG00000164746,ENSMUSG00000040978,C7ORF57,C7ORF57,Gm11992,True,True,True,True,True,True,True,True,True,False,True,True,True,True
ENSG00000182307,ENSMUSG00000063236,C8ORF33,C8ORF33,1110038F14Rik,True,True,True,True,True,True,True,True,True,False,True,True,True,True
ENSG00000165084,ENSMUSG00000057715,C8ORF34,C8ORF34,A830018L16Rik,True,True,True,True,True,True,True,True,True,False,True,True,True,True
ENSG00000241852,ENSMUSG00000044551,C8ORF58,C8ORF58,9930012K11Rik,True,True,True,True,True,True,True,True,True,False,True,True,True,True
ENSG00000171060,ENSMUSG00000021961,C8ORF74,C8ORF74,4930578I06Rik,True,True,True,True,True,True,True,True,True,False,True,True,True,True
ENSG00000189376,ENSMUSG00000101892,C8ORF76,C8ORF76,9130401M01Rik,True,True,True,True,True,True,True,True,True,False,True,True,True,True
ENSG00000213563,ENSMUSG00000116138,C8ORF82,C8ORF82,C030006K11Rik,True,True,True,True,True,True,True,True,True,False,True,True,True,True
ENSG00000253250,ENSMUSG00000086587,C8ORF88,C8ORF88,Gm11837,True,True,True,True,True,True,True,True,True,False,True,True,True,True
ENSG00000274443,ENSMUSG00000067795,C8ORF89,C8ORF89,4930444P10Rik,True,True,True,True,True,True,True,True,True,False,True,True,True,True
ENSG00000188959,ENSMUSG00000052117,C9ORF152,C9ORF152,D630039A03Rik,True,True,True,True,True,True,True,True,True,False,True,True,True,True
ENSG00000135045,ENSMUSG00000047044,C9ORF40,C9ORF40,D030056L22Rik,True,True,True,True,True,True,True,True,True,False,True,True,True,True
ENSG00000147894,ENSMUSG00000028300,C9ORF72,C9ORF72,C9orf72,True,True,True,True,True,True,True,True,True,False,True,True,True,True
ENSG00000136819,ENSMUSG00000026851,C9ORF78,C9ORF78,BC005624,True,True,True,True,True,True,True,True,True,False,True,True,True,True
ENSG00000155621,ENSMUSG00000035171,C9ORF85,C9ORF85,1110059E24Rik,True,True,True,True,True,True,True,True,True,False,True,True,True,True
ENSG00000110619,ENSMUSG00000010755,CARS1,CARS1,Cars1,True,True,True,True,True,False,True,True,True,False,True,True,False,True
ENSG00000255359,ENSMUSG00000094445,CCDC179,CCDC179,Ccdc179,True,True,True,True,True,True,True,True,True,False,True,True,True,True
ENSG00000196553,ENSMUSG00000099418,CCDC196,CCDC196,Ccdc196,True,True,True,True,True,False,True,True,True,False,True,True,False,True
ENSG00000100557,ENSMUSG00000021850,CCDC198,CCDC198,Ccdc198,True,True,True,True,True,False,True,True,True,False,True,True,False,True
ENSG00000186166,ENSMUSG00000043923,CENATAC,CENATAC,Cenatac,True,True,True,True,True,False,True,True,True,False,True,True,False,True
ENSG00000114405,ENSMUSG00000033111,CEP15,CEP15,Cep15,True,True,True,True,True,False,True,True,True,False,True,True,False,True
ENSG00000157330,ENSMUSG00000028589,CFAP107,CFAP107,Cfap107,True,True,True,True,True,False,True,True,True,False,True,True,False,True
ENSG00000196118,ENSMUSG00000057176,CFAP119,CFAP119,Cfap119,True,True,True,True,True,False,True,True,True,False,True,True,False,True
ENSG00000163263,ENSMUSG00000118506,CFAP141,CFAP141,Cfap141,True,True,True,True,True,False,True,True,True,False,True,True,False,True
ENSG00000154479,ENSMUSG00000070883,CFAP210,CFAP210,Cfap210,True,True,True,True,True,False,True,True,True,False,True,True,False,True
ENSG00000158023,ENSMUSG00000029442,CFAP251,CFAP251,Cfap251,True,True,True,True,True,False,True,True,True,False,True,True,False,True
ENSG00000103021,ENSMUSG00000036598,CFAP263,CFAP263,Ccdc113,True,True,True,True,True,False,True,True,True,False,True,True,False,True
ENSG00000179902,ENSMUSG00000027886,CFAP276,CFAP276,Cfap276,True,True,True,True,True,False,True,True,True,False,True,True,False,True
ENSG00000137720,ENSMUSG00000037971,CFAP68,CFAP68,Cfap68,True,True,True,True,True,False,True,True,True,False,True,True,False,True
ENSG00000215217,ENSMUSG00000021534,CFAP90,CFAP90,Cfap90,True,True,True,True,True,False,True,True,True,False,True,True,False,True
ENSG00000114656,ENSMUSG00000089997,CFAP92,CFAP92,Cfap92,True,True,True,True,True,False,True,True,True,False,True,True,False,True
ENSG00000204711,ENSMUSG00000033053,CFAP95,CFAP95,Cfap95,True,True,True,True,True,False,True,True,True,False,True,True,False,True
ENSG00000205129,ENSMUSG00000071103,CFAP96,CFAP96,Cfap96,True,True,True,True,True,False,True,True,True,False,True,True,False,True
ENSG00000141371,ENSMUSG00000018479,CHCT1,CHCT1,Chct1,True,True,True,True,True,False,True,True,True,False,True,True,False,True
ENSG00000133048,ENSMUSG00000064246,CHI3L1,CHI3L1,Chi3l1,True,True,True,True,True,True,True,True,True,False,True,True,True,True
ENSG00000146540,ENSMUSG00000053553,CHLSN,CHLSN,Chlsn,True,True,True,True,True,False,True,True,True,False,True,True,False,True
ENSG00000177947,ENSMUSG00000025482,CIMAP1A,CIMAP1A,Cimap1a,True,True,True,True,True,False,True,True,True,False,True,True,False,True
ENSG00000177989,ENSMUSG00000047394,CIMAP1B,CIMAP1B,Cimap1b,True,True,True,True,True,False,True,True,True,False,True,True,False,True
ENSG00000182950,ENSMUSG00000045620,CIMAP1C,CIMAP1C,Cimap1c,True,True,True,True,True,False,True,True,True,False,True,True,False,True
ENSG00000181781,ENSMUSG00000035963,CIMAP1D,CIMAP1D,Cimap1d,True,True,True,True,True,False,True,True,True,False,True,True,False,True
ENSG00000162398,ENSMUSG00000054362,CIMAP2,CIMAP2,Cimap2,True,True,True,True,True,False,True,True,True,False,True,True,False,True
ENSG00000173947,ENSMUSG00000010136,CIMAP3,CIMAP3,Cimap3,True,True,True,True,True,False,True,True,True,False,True,True,False,True
ENSG00000124237,ENSMUSG00000027518,CIMIP1,CIMIP1,Cimip1,True,True,True,True,True,False,True,True,True,False,True,True,False,True
ENSG00000188163,ENSMUSG00000026969,CIMIP2A,CIMIP2A,Cimip2a,True,True,True,True,True,False,True,True,True,False,True,True,False,True
ENSG00000173557,ENSMUSG00000029182,CIMIP2C,CIMIP2C,Cimip2c,True,True,True,True,True,False,True,True,True,False,True,True,False,True
ENSG00000185264,ENSMUSG00000062154,CIMIP4,CIMIP4,Cimip4,True,True,True,True,True,False,True,True,True,False,True,True,False,True
ENSG00000177994,ENSMUSG00000040919,CIMIP6,CIMIP6,Cimip6,True,True,True,True,True,False,True,True,True,False,True,True,False,True
ENSG00000236980,ENSMUSG00000050641,CIMIP7,CIMIP7,BC048562,True,True,True,True,True,False,True,True,True,False,True,True,False,True
ENSG00000175262,ENSMUSG00000070577,CIROZ,CIROZ,Gm572,True,True,True,True,True,False,True,True,True,False,True,True,False,True
ENSG00000154102,ENSMUSG00000043687,C16ORF74,CLMB,1190005I06Rik,True,True,True,True,True,True,True,True,True,False,True,True,True,True
ENSG00000034239,ENSMUSG00000068617,CLXN,CLXN,Clxn,True,True,True,True,True,False,True,True,True,False,True,True,False,True
ENSG00000183671,ENSMUSG00000046856,CMKLR2,CMKLR2,Cmklr2,True,True,True,True,True,False,True,True,True,False,True,True,False,True
ENSG00000166920,ENSMUSG00000033213,C15ORF48,COXFA4L3,AA467197,True,True,True,True,True,True,True,True,True,False,True,True,True,True
ENSG00000151849,ENSMUSG00000064128,CPAP,CPAP,Cpap,True,True,True,True,True,False,True,True,True,False,True,True,False,True
ENSG00000149179,ENSMUSG00000040591,CSTPP1,CSTPP1,Cstpp1,True,True,True,True,True,False,True,True,True,False,True,True,False,True
ENSG00000171793,ENSMUSG00000028633,CTPS1,CTPS1,Ctps1,True,True,True,True,True,True,True,True,True,False,True,True,True,True
ENSG00000259417,ENSMUSG00000097789,CTXND1,CTXND1,Ctxnd1,True,True,True,True,True,False,True,True,True,False,True,True,False,True
ENSG00000185753,ENSMUSG00000044148,CXORF38,CXORF38,1810030O07Rik,True,True,True,True,True,True,True,True,True,False,True,True,True,True
ENSG00000204165,ENSMUSG00000090141,CXORF65,CXORF65,Gm614,True,True,True,True,True,True,True,True,True,False,True,True,True,True
ENSG00000115866,ENSMUSG00000026356,DARS1,DARS1,Dars1,True,True,True,True,True,False,True,True,True,False,True,True,False,True
ENSG00000237651,ENSMUSG00000020286,C2ORF74,DEMA1,1700093K21Rik,True,True,True,True,True,True,True,True,True,False,True,True,True,True
ENSG00000166444,ENSMUSG00000031024,DENND2B,DENND2B,Dennd2b,True,True,True,True,True,False,True,True,True,False,True,True,False,True
ENSG00000129295,ENSMUSG00000022375,DNAAF11,DNAAF11,Dnaaf11,True,True,True,True,True,False,True,True,True,False,True,True,False,True
ENSG00000167131,ENSMUSG00000020930,DNAAF19,DNAAF19,Ccdc103,True,True,True,True,True,False,True,True,True,False,True,True,False,True
ENSG00000118307,ENSMUSG00000043541,DNAI7,DNAI7,Dnai7,True,True,True,True,True,False,True,True,True,False,True,True,False,True
ENSG00000179476,ENSMUSG00000047227,DORIP1,DORIP1,Gm527,True,True,True,True,True,False,True,True,True,False,True,True,False,True
ENSG00000248712,ENSMUSG00000070306,DRC12,DRC12,Ccdc153,True,True,True,True,True,False,True,True,True,False,True,True,False,True
ENSG00000165606,ENSMUSG00000041730,DRGX,DRGX,Drgx,True,True,True,True,True,True,True,True,True,False,True,True,True,True
ENSG00000079393,ENSMUSG00000021768,DUSP13B,DUSP13B,Dusp13b,True,True,True,True,True,False,True,True,True,False,True,True,False,True
ENSG00000167106,ENSMUSG00000039157,EEIG1,EEIG1,Eeig1,True,True,True,True,True,False,True,True,True,False,True,True,False,True
ENSG00000162636,ENSMUSG00000040339,EEIG2,EEIG2,Eeig2,True,True,True,True,True,False,True,True,True,False,True,True,False,True
ENSG00000135063,ENSMUSG00000071604,ENTREP1,ENTREP1,Entrep1,True,True,True,True,True,False,True,True,True,False,True,True,False,True
ENSG00000104059,ENSMUSG00000030518,ENTREP2,ENTREP2,Entrep2,True,True,True,True,True,False,True,True,True,False,True,True,False,True
ENSG00000160767,ENSMUSG00000032657,ENTREP3,ENTREP3,Entrep3,True,True,True,True,True,False,True,True,True,False,True,True,False,True
ENSG00000205929,ENSMUSG00000039851,EPCIP,EPCIP,Epcip,True,True,True,True,True,False,True,True,True,False,True,True,False,True
ENSG00000136628,ENSMUSG00000026615,EPRS1,EPRS1,Eprs1,True,True,True,True,True,False,True,True,True,False,True,True,False,True
ENSG00000131379,ENSMUSG00000034063,C3ORF20,FAM194C,4930590J08Rik,True,True,True,True,True,True,True,True,True,False,True,True,True,True
ENSG00000170271,ENSMUSG00000086962,FAXDC2,FAXDC2,Faxdc2,True,True,True,True,True,True,True,True,True,False,True,True,True,True
ENSG00000047621,ENSMUSG00000030347,FERRY3,FERRY3,D6Wsu163e,True,True,True,True,True,False,True,True,True,False,True,True,False,True
ENSG00000167194,ENSMUSG00000045989,C16ORF92,FIMP1,4930451I11Rik,True,True,True,True,True,True,True,True,True,False,True,True,True,True
ENSG00000000460,ENSMUSG00000041406,FIRRM,FIRRM,Firrm,True,True,True,True,True,False,True,True,True,False,True,True,False,True
ENSG00000234776,ENSMUSG00000044916,FREY1,FREY1,Frey1,True,True,True,True,True,False,True,True,True,False,True,True,False,True
ENSG00000143633,ENSMUSG00000031984,FSAF1,FSAF1,Fsaf1,True,True,True,True,True,False,True,True,True,False,True,True,False,True
ENSG00000082074,ENSMUSG00000022148,FYB1,FYB1,Fyb1,True,True,True,True,True,False,True,True,True,False,True,True,False,True
ENSG00000131482,ENSMUSG00000078650,G6PC1,G6PC1,G6pc1,True,True,True,True,True,False,True,True,True,False,True,True,False,True
ENSG00000205085,ENSMUSG00000079652,GARIN1A,GARIN1A,Garin1a,True,True,True,True,True,False,True,True,True,False,True,True,False,True
ENSG00000135248,ENSMUSG00000039742,GARIN1B,GARIN1B,Garin1b,True,True,True,True,True,False,True,True,True,False,True,True,False,True
ENSG00000172717,ENSMUSG00000056987,GARIN2,GARIN2,Garin2,True,True,True,True,True,False,True,True,True,False,True,True,False,True
ENSG00000170613,ENSMUSG00000020401,GARIN3,GARIN3,Garin3,True,True,True,True,True,False,True,True,True,False,True,True,False,True
ENSG00000162771,ENSMUSG00000091017,GARIN4,GARIN4,Garin4,True,True,True,True,True,False,True,True,True,False,True,True,False,True
ENSG00000106105,ENSMUSG00000029777,GARS1,GARS1,Gars1,True,True,True,True,True,False,True,True,True,False,True,True,False,True
ENSG00000177628,ENSMUSG00000028048,GBA1,GBA1,Gba1,True,True,True,True,True,False,True,True,True,False,True,True,False,True
ENSG00000188373,ENSMUSG00000096001,GPR15LG,GPR15LG,Gpr15lg,True,True,True,True,True,False,True,True,True,False,True,True,False,True
ENSG00000198908,ENSMUSG00000072964,GPRASP3,GPRASP3,Bhlhb9,True,True,True,True,True,False,True,True,True,False,True,True,False,True
ENSG00000175318,ENSMUSG00000074259,GRAMD2A,GRAMD2A,Gramd2a,True,True,True,True,True,False,True,True,True,False,True,True,False,True
ENSG00000155324,ENSMUSG00000001700,GRAMD2B,GRAMD2B,Gramd2b,True,True,True,True,True,False,True,True,True,False,True,True,False,True
ENSG00000163754,ENSMUSG00000019528,GYG1,GYG1,Gyg1,True,True,True,True,True,True,True,True,True,False,True,True,True,True
ENSG00000181218,ENSMUSG00000078851,H2AC25,H2AC25,H2ac25,True,True,True,True,True,False,True,True,True,False,True,True,False,True
ENSG00000196890,ENSMUSG00000080712,H2BC26,H2BC26,H2bc26,True,True,True,True,True,False,True,True,True,False,True,True,False,True
ENSG00000182831,ENSMUSG00000022507,HAPSTR1,HAPSTR1,Hapstr1,True,True,True,True,True,False,True,True,True,False,True,True,False,True
ENSG00000170445,ENSMUSG00000001380,HARS1,HARS1,Hars1,True,True,True,True,True,False,True,True,True,False,True,True,False,True
ENSG00000155330,ENSMUSG00000036934,C16ORF87,HDIP1,4921524J17Rik,True,True,True,True,True,True,True,True,True,False,True,True,True,True
ENSG00000156239,ENSMUSG00000044442,HEMK2,HEMK2,N6amt1,True,True,True,True,True,False,True,True,True,False,True,True,False,True
ENSG00000169660,ENSMUSG00000039307,HEXD,HEXD,Hexd,True,True,True,True,True,False,True,True,True,False,True,True,False,True
ENSG00000165704,ENSMUSG00000025630,HPRT1,HPRT1,Hprt1,True,True,True,True,True,True,True,True,True,False,True,True,True,True
ENSG00000204228,ENSMUSG00000073422,HSD17B8,HSD17B8,Hsd17b8,True,True,True,True,True,True,True,True,True,False,True,True,True,True
ENSG00000122591,ENSMUSG00000028995,HYCC1,HYCC1,Hycc1,True,True,True,True,True,False,True,True,True,False,True,True,False,True
ENSG00000155744,ENSMUSG00000038174,HYCC2,HYCC2,Hycc2,True,True,True,True,True,False,True,True,True,False,True,True,False,True
ENSG00000196305,ENSMUSG00000037851,IARS1,IARS1,Iars1,True,True,True,True,True,False,True,True,True,False,True,True,False,True
ENSG00000081870,ENSMUSG00000063172,IFT25,IFT25,Ift25,True,True,True,True,True,False,True,True,True,False,True,True,False,True
ENSG00000105948,ENSMUSG00000056832,IFT56,IFT56,Ift56,True,True,True,True,True,False,True,True,True,False,True,True,False,True
ENSG00000146576,ENSMUSG00000039244,INTS15,INTS15,Ints15,True,True,True,True,True,False,True,True,True,False,True,True,False,True
ENSG00000124449,ENSMUSG00000062028,IRGC,IRGC,Irgc,True,True,True,True,True,True,True,True,True,False,True,True,True,True
ENSG00000102313,ENSMUSG00000087149,ITIH6,ITIH6,Itih6,True,True,True,True,True,True,True,True,True,False,True,True,True,True
ENSG00000065427,ENSMUSG00000031948,KARS1,KARS1,Kars1,True,True,True,True,True,False,True,True,True,False,True,True,False,True
ENSG00000176076,ENSMUSG00000090122,KCNE5,KCNE5,Kcne5,True,True,True,True,True,True,True,True,True,False,True,True,True,True
ENSG00000134056,ENSMUSG00000061474,KGD4,KGD4,Mrps36,True,True,True,True,True,False,True,True,True,False,True,True,False,True
ENSG00000183853,ENSMUSG00000041734,KIRREL1,KIRREL1,Kirrel1,True,True,True,True,True,False,True,True,True,False,True,True,False,True
ENSG00000187961,ENSMUSG00002076083,KLHL17,KLHL17,Klhl17,True,True,True,True,True,True,True,True,True,False,True,True,True,True
ENSG00000198854,ENSMUSG00000090314,KPLCE,KPLCE,Kplce,True,True,True,True,True,False,True,True,True,False,True,True,False,True
ENSG00000135443,ENSMUSG00000116336,KRT85,KRT85,Krt85,True,True,True,True,True,True,True,True,True,False,True,True,True,True
ENSG00000133706,ENSMUSG00000024493,LARS1,LARS1,Lars1,True,True,True,True,True,False,True,True,True,False,True,True,False,True
ENSG00000011638,ENSMUSG00000030917,LDAF1,LDAF1,Ldaf1,True,True,True,True,True,False,True,True,True,False,True,True,False,True
ENSG00000183722,ENSMUSG00000048332,LHFPL6,LHFPL6,Lhfpl6,True,True,True,True,True,False,True,True,True,False,True,True,False,True
ENSG00000206069,ENSMUSG00000066964,LHFPL7,LHFPL7,Lhfpl7,True,True,True,True,True,False,True,True,True,False,True,True,False,True
ENSG00000143612,ENSMUSG00000027942,C1ORF43,LTAP1,4933434E20Rik,True,True,True,True,True,True,True,True,True,False,True,True,True,True
ENSG00000153485,ENSMUSG00000046675,LYSET,LYSET,Lyset,True,True,True,True,True,False,True,True,True,False,True,True,False,True
ENSG00000090382,ENSMUSG00000020177,LYZ,LYZ,Lyz3,True,True,True,True,True,True,True,True,True,False,True,True,True,True
ENSG00000168803,ENSMUSG00000027259,MAPDA,MAPDA,Adal,True,True,True,True,True,False,True,True,True,False,True,True,False,True
ENSG00000196123,ENSMUSG00000014837,MATCAP1,MATCAP1,Matcap1,True,True,True,True,True,False,True,True,True,False,True,True,False,True
ENSG00000164542,ENSMUSG00000036411,MATCAP2,MATCAP2,Matcap2,True,True,True,True,True,False,True,True,True,False,True,True,False,True
ENSG00000010165,ENSMUSG00000026694,METTL13,METTL13,Mettl13,True,True,True,True,True,True,True,True,True,False,True,True,True,True
ENSG00000143303,ENSMUSG00000004896,METTL25B,METTL25B,Mettl25b,True,True,True,True,True,False,True,True,True,False,True,True,False,True
ENSG00000174928,ENSMUSG00000048581,C3ORF33,MISO1,E130311K13Rik,True,True,True,True,True,True,True,True,True,False,True,True,True,True
ENSG00000160124,ENSMUSG00000075229,MIX23,MIX23,Mix23,True,True,True,True,True,False,True,True,True,False,True,True,False,True
ENSG00000149639,ENSMUSG00000055485,MTCL2,MTCL2,Mtcl2,True,True,True,True,True,False,True,True,True,False,True,True,False,True
ENSG00000214338,ENSMUSG00000038916,MTCL3,MTCL3,Mtcl3,True,True,True,True,True,False,True,True,True,False,True,True,False,True
ENSG00000180209,ENSMUSG00000030672,MYL11,MYL11,Mylpf,True,True,True,True,True,False,True,True,True,False,True,True,False,True
ENSG00000091536,ENSMUSG00000042678,MYO15A,MYO15A,Myo15a,True,True,True,True,True,True,True,True,True,False,True,True,True,True
ENSG00000134440,ENSMUSG00000024587,NARS1,NARS1,Nars1,True,True,True,True,True,False,True,True,True,False,True,True,False,True
ENSG00000109062,ENSMUSG00000020733,NHERF1,NHERF1,Nherf1,True,True,True,True,True,False,True,True,True,False,True,True,False,True
ENSG00000065054,ENSMUSG00000002504,NHERF2,NHERF2,Nherf2,True,True,True,True,True,False,True,True,True,False,True,True,False,True
ENSG00000172367,ENSMUSG00000032105,NHERF4,NHERF4,Nherf4,True,True,True,True,True,False,True,True,True,False,True,True,False,True
ENSG00000162522,ENSMUSG00000050390,NHSL3,NHSL3,Nhsl3,True,True,True,True,True,False,True,True,True,False,True,True,False,True
ENSG00000243449,ENSMUSG00000070858,NICOL1,NICOL1,Nicol1,True,True,True,True,True,False,True,True,True,False,True,True,False,True
ENSG00000078618,ENSMUSG00000053510,NRDC,NRDC,Nrdc,True,True,True,True,True,True,True,True,True,False,True,True,True,True
ENSG00000157168,ENSMUSG00000062991,NRG1,NRG1,Nrg1,True,True,True,True,True,True,True,True,True,False,True,True,True,True
ENSG00000156795,ENSMUSG00000022359,NTAQ1,NTAQ1,Ntaq1,True,True,True,True,True,False,True,True,True,False,True,True,False,True
ENSG00000203740,ENSMUSG00000040113,NTMT2,NTMT2,Ntmt2,True,True,True,True,True,False,True,True,True,False,True,True,False,True
ENSG00000136243,ENSMUSG00000048439,NUP42,NUP42,Nup42,True,True,True,True,True,False,True,True,True,False,True,True,False,True
ENSG00000185290,ENSMUSG00000095789,NUPR2,NUPR2,Nupr2,True,True,True,True,True,True,True,True,True,False,True,True,True,True
ENSG00000170782,ENSMUSG00000073897,OR10A4,OR10A4,Or10a4,True,True,True,True,True,True,True,True,True,False,True,True,True,True
ENSG00000206474,ENSMUSG00000049561,OR10C1,OR10C1,Or10c1,True,True,True,True,True,True,True,True,True,False,True,True,True,True
ENSG00000184155,ENSMUSG00000037924,OR10J5,OR10J5,Or10j5,True,True,True,True,True,True,True,True,True,False,True,True,True,True
ENSG00000173285,ENSMUSG00000047286,OR10K1,OR10K1,Or10k2,True,True,True,True,True,True,True,True,True,False,True,True,True,True
ENSG00000175398,ENSMUSG00000052012,OR10P1,OR10P1,Or10p1,True,True,True,True,True,True,True,True,True,False,True,True,True,True
ENSG00000196248,ENSMUSG00000049010,OR10S1,OR10S1,Or10s1,True,True,True,True,True,True,True,True,True,False,True,True,True,True
ENSG00000172289,ENSMUSG00000060878,OR10V1,OR10V1,Or10v1,True,True,True,True,True,True,True,True,True,False,True,True,True,True
ENSG00000198967,ENSMUSG00000050788,OR10Z1,OR10Z1,Or10z1,True,True,True,True,True,True,True,True,True,False,True,True,True,True
ENSG00000204694,ENSMUSG00000064121,OR11A1,OR11A1,Or11a4,True,True,True,True,True,True,True,True,True,False,True,True,True,True
ENSG00000176219,ENSMUSG00000050028,OR11H6,OR11H6,Or11h6,True,True,True,True,True,True,True,True,True,False,True,True,True,True
ENSG00000197591,ENSMUSG00000043880,OR11L1,OR11L1,Or11l3,True,True,True,True,True,True,True,True,True,False,True,True,True,True
ENSG00000112462,ENSMUSG00000029184,OR12D3,OR12D3,Or12d17,True,True,True,True,True,True,True,True,True,False,True,True,True,True
ENSG00000256574,ENSMUSG00000053391,OR13A1,OR13A1,Or13a1,True,True,True,True,True,True,True,True,True,False,True,True,True,True
ENSG00000204246,ENSMUSG00000049648,OR13C3,OR13C3,Or13c3,True,True,True,True,True,True,True,True,True,False,True,True,True,True
ENSG00000186943,ENSMUSG00000051593,OR13C8,OR13C8,Or13c25,True,True,True,True,True,True,True,True,True,False,True,True,True,True
ENSG00000179055,ENSMUSG00000070983,OR13D1,OR13D1,Or13d1,True,True,True,True,True,True,True,True,True,False,True,True,True,True
ENSG00000186881,ENSMUSG00000089717,OR13F1,OR13F1,Or13f5,True,True,True,True,True,True,True,True,True,False,True,True,True,True
ENSG00000197437,ENSMUSG00000054054,OR13G1,OR13G1,Or13g1,True,True,True,True,True,True,True,True,True,False,True,True,True,True
ENSG00000168828,ENSMUSG00000046450,OR13J1,OR13J1,Or13j1,True,True,True,True,True,True,True,True,True,False,True,True,True,True
ENSG00000204695,ENSMUSG00000050613,OR14J1,OR14J1,Or14j1,True,True,True,True,True,True,True,True,True,False,True,True,True,True
ENSG00000280094,ENSMUSG00000075377,OR1B1,OR1B1,Or1b1,True,True,True,True,True,True,True,True,True,False,True,True,True,True
ENSG00000184166,ENSMUSG00000058275,OR1D2,OR1D2,Or1d2,True,True,True,True,True,True,True,True,True,False,True,True,True,True
ENSG00000168124,ENSMUSG00000051003,OR1F1,OR1F1,Or1f19,True,True,True,True,True,True,True,True,True,False,True,True,True,True
ENSG00000094661,ENSMUSG00000071185,OR1I1,OR1I1,Or1i2,True,True,True,True,True,True,True,True,True,False,True,True,True,True
ENSG00000136834,ENSMUSG00000075384,OR1J1,OR1J1,Or1j1,True,True,True,True,True,True,True,True,True,False,True,True,True,True
ENSG00000239590,ENSMUSG00000050015,OR1J4,OR1J4,Or1j4,True,True,True,True,True,True,True,True,True,False,True,True,True,True
ENSG00000170929,ENSMUSG00000054141,OR1M1,OR1M1,Or1m1,True,True,True,True,True,True,True,True,True,False,True,True,True,True
ENSG00000171501,ENSMUSG00000055088,OR1N2,OR1N2,Or1n2,True,True,True,True,True,True,True,True,True,False,True,True,True,True
ENSG00000165202,ENSMUSG00000055838,OR1Q1,OR1Q1,Or1q1,True,True,True,True,True,True,True,True,True,False,True,True,True,True
ENSG00000221858,ENSMUSG00000073111,OR2A12,OR2A12,Or2a12,True,True,True,True,True,True,True,True,True,False,True,True,True,True
ENSG00000221989,ENSMUSG00000071481,OR2A2,OR2A2,Or2a52,True,True,True,True,True,True,True,True,True,False,True,True,True,True
ENSG00000221933,ENSMUSG00000045708,OR2A25,OR2A25,Or2a25,True,True,True,True,True,True,True,True,True,False,True,True,True,True
ENSG00000221836,ENSMUSG00000043119,OR2A5,OR2A5,Or2a5,True,True,True,True,True,True,True,True,True,False,True,True,True,True
ENSG00000171561,ENSMUSG00000073998,OR2AT4,OR2AT4,Or2at4,True,True,True,True,True,True,True,True,True,False,True,True,True,True
ENSG00000177535,ENSMUSG00000059610,OR2B11,OR2B11,Or2b11,True,True,True,True,True,True,True,True,True,False,True,True,True,True
ENSG00000124657,ENSMUSG00000036658,OR2B6,OR2B6,Or2b6,True,True,True,True,True,True,True,True,True,False,True,True,True,True
ENSG00000168158,ENSMUSG00000059043,OR2C1,OR2C1,Or2c1,True,True,True,True,True,True,True,True,True,False,True,True,True,True
ENSG00000178358,ENSMUSG00000073896,OR2D3,OR2D3,Or2d36,True,True,True,True,True,True,True,True,True,False,True,True,True,True
ENSG00000171133,ENSMUSG00000043385,OR2K2,OR2K2,Or2k2,True,True,True,True,True,True,True,True,True,False,True,True,True,True
ENSG00000175143,ENSMUSG00000072707,OR2T1,OR2T1,Or2t1,True,True,True,True,True,True,True,True,True,False,True,True,True,True
ENSG00000198104,ENSMUSG00000052417,OR2T6,OR2T6,Or2t6,True,True,True,True,True,True,True,True,True,False,True,True,True,True
ENSG00000185372,ENSMUSG00000040328,OR2V1,OR2V1,Or2v1,True,True,True,True,True,True,True,True,True,False,True,True,True,True
ENSG00000182613,ENSMUSG00000047511,OR2V2,OR2V2,Or2v2,True,True,True,True,True,True,True,True,True,False,True,True,True,True
ENSG00000181958,ENSMUSG00000075090,OR4A15,OR4A15,Or4a15,True,True,True,True,True,True,True,True,True,False,True,True,True,True
ENSG00000237388,ENSMUSG00000075073,OR4A47,OR4A47,Or4a47,True,True,True,True,True,True,True,True,True,False,True,True,True,True
ENSG00000176547,ENSMUSG00000075069,OR4C3,OR4C3,Or4c3,True,True,True,True,True,True,True,True,True,False,True,True,True,True
ENSG00000141194,ENSMUSG00000060787,OR4D1,OR4D1,Or4d1,True,True,True,True,True,True,True,True,True,False,True,True,True,True
ENSG00000176200,ENSMUSG00000067529,OR4D11,OR4D11,Or4d11,True,True,True,True,True,True,True,True,True,False,True,True,True,True
ENSG00000171014,ENSMUSG00000045812,OR4D5,OR4D5,Or4d5,True,True,True,True,True,True,True,True,True,False,True,True,True,True
ENSG00000166884,ENSMUSG00000067524,OR4D6,OR4D6,Or4d6,True,True,True,True,True,True,True,True,True,False,True,True,True,True
ENSG00000221977,ENSMUSG00000035626,OR4E2,OR4E2,Or4e2,True,True,True,True,True,True,True,True,True,False,True,True,True,True
ENSG00000182854,ENSMUSG00000109528,OR4F15,OR4F15,Or4f15,True,True,True,True,True,True,True,True,True,False,True,True,True,True
ENSG00000184140,ENSMUSG00000108827,OR4F6,OR4F6,Or4f6,True,True,True,True,True,True,True,True,True,False,True,True,True,True
ENSG00000155249,ENSMUSG00000050030,OR4K1,OR4K1,Or4k1,True,True,True,True,True,True,True,True,True,False,True,True,True,True
ENSG00000165762,ENSMUSG00000109835,OR4K2,OR4K2,Or4k2,True,True,True,True,True,True,True,True,True,False,True,True,True,True
ENSG00000176281,ENSMUSG00000049011,OR4K5,OR4K5,Or4k5,True,True,True,True,True,True,True,True,True,False,True,True,True,True
ENSG00000184394,ENSMUSG00000048933,OR4N5,OR4N5,Or4n5,True,True,True,True,True,True,True,True,True,False,True,True,True,True
ENSG00000182652,ENSMUSG00000046210,OR4Q3,OR4Q3,Or4q3,True,True,True,True,True,True,True,True,True,False,True,True,True,True
ENSG00000176567,ENSMUSG00000082574,OR4X1,OR4X1,Or4x5,True,True,True,True,True,True,True,True,True,False,True,True,True,True
ENSG00000176895,ENSMUSG00000073962,OR51A7,OR51A7,Or51a7,True,True,True,True,True,True,True,True,True,False,True,True,True,True
ENSG00000183251,ENSMUSG00000058200,OR51B4,OR51B4,Or51b4,True,True,True,True,True,True,True,True,True,False,True,True,True,True
ENSG00000197428,ENSMUSG00000073967,OR51D1,OR51D1,Or51d1,True,True,True,True,True,True,True,True,True,False,True,True,True,True
ENSG00000180785,ENSMUSG00000070423,OR51E1,OR51E1,Or51e1,True,True,True,True,True,True,True,True,True,False,True,True,True,True
ENSG00000167332,ENSMUSG00000043366,OR51E2,OR51E2,Or51e2,True,True,True,True,True,True,True,True,True,False,True,True,True,True
ENSG00000176925,ENSMUSG00000073965,OR51F2,OR51F2,Or51f2,True,True,True,True,True,True,True,True,True,False,True,True,True,True
ENSG00000278870,ENSMUSG00000045792,OR51G1,OR51G1,Or51g1,True,True,True,True,True,True,True,True,True,False,True,True,True,True
ENSG00000176893,ENSMUSG00000043354,OR51G2,OR51G2,Or51g2,True,True,True,True,True,True,True,True,True,False,True,True,True,True
ENSG00000167359,ENSMUSG00000066262,OR51I1,OR51I1,Or51i1,True,True,True,True,True,True,True,True,True,False,True,True,True,True
ENSG00000187918,ENSMUSG00000073932,OR51I2,OR51I2,Or51i2,True,True,True,True,True,True,True,True,True,False,True,True,True,True
ENSG00000176798,ENSMUSG00000080891,OR51L1,OR51L1,Or51l1,True,True,True,True,True,True,True,True,True,False,True,True,True,True
ENSG00000184698,ENSMUSG00000042219,OR51M1,OR51M1,Or51m1,True,True,True,True,True,True,True,True,True,False,True,True,True,True
ENSG00000176922,ENSMUSG00000043310,OR51S1,OR51S1,Or51s1,True,True,True,True,True,True,True,True,True,False,True,True,True,True
ENSG00000176900,ENSMUSG00000045824,OR51T1,OR51T1,Or51t4,True,True,True,True,True,True,True,True,True,False,True,True,True,True
ENSG00000255307,ENSMUSG00000043948,OR52B2,OR52B2,Or52b2,True,True,True,True,True,True,True,True,True,False,True,True,True,True
ENSG00000221996,ENSMUSG00000073979,OR52B4,OR52B4,Or52b4,True,True,True,True,True,True,True,True,True,False,True,True,True,True
ENSG00000187747,ENSMUSG00000081859,OR52B6,OR52B6,Or52b6,True,True,True,True,True,True,True,True,True,False,True,True,True,True
ENSG00000181609,ENSMUSG00000073931,OR52D1,OR52D1,Or52d1,True,True,True,True,True,True,True,True,True,False,True,True,True,True
ENSG00000176787,ENSMUSG00000051362,OR52E2,OR52E2,Or52e2,True,True,True,True,True,True,True,True,True,False,True,True,True,True
ENSG00000180974,ENSMUSG00000073914,OR52E4,OR52E4,Or52e4,True,True,True,True,True,True,True,True,True,False,True,True,True,True
ENSG00000181616,ENSMUSG00000042909,OR52H1,OR52H1,Or52h1,True,True,True,True,True,True,True,True,True,False,True,True,True,True
ENSG00000205495,ENSMUSG00000073956,OR52J3,OR52J3,Or52j3,True,True,True,True,True,True,True,True,True,False,True,True,True,True
ENSG00000181963,ENSMUSG00000073973,OR52K2,OR52K2,Or52k2,True,True,True,True,True,True,True,True,True,False,True,True,True,True
ENSG00000183313,ENSMUSG00000047794,OR52L1,OR52L1,Or52l1,True,True,True,True,True,True,True,True,True,False,True,True,True,True
ENSG00000197790,ENSMUSG00000073971,OR52M1,OR52M1,Or52m1,True,True,True,True,True,True,True,True,True,False,True,True,True,True
ENSG00000181001,ENSMUSG00000051885,OR52N1,OR52N1,Or52n1,True,True,True,True,True,True,True,True,True,False,True,True,True,True
ENSG00000181009,ENSMUSG00000073916,OR52N5,OR52N5,Or52n5,True,True,True,True,True,True,True,True,True,False,True,True,True,True
ENSG00000175485,ENSMUSG00000073906,OR52W1,OR52W1,Or52w1,True,True,True,True,True,True,True,True,True,False,True,True,True,True
ENSG00000172320,ENSMUSG00000067522,OR5A1,OR5A1,Or5a1,True,True,True,True,True,True,True,True,True,False,True,True,True,True
ENSG00000172324,ENSMUSG00000109328,OR5A2,OR5A2,Or5a21,True,True,True,True,True,True,True,True,True,False,True,True,True,True
ENSG00000172464,ENSMUSG00000046975,OR5AP2,OR5AP2,Or5ap2,True,True,True,True,True,True,True,True,True,False,True,True,True,True
ENSG00000172459,ENSMUSG00000075208,OR5AR1,OR5AR1,Or5ar1,True,True,True,True,True,True,True,True,True,False,True,True,True,True
ENSG00000181785,ENSMUSG00000075158,OR5AS1,OR5AS1,Or5as1,True,True,True,True,True,True,True,True,True,False,True,True,True,True
ENSG00000169327,ENSMUSG00000044286,OR5AU1,OR5AU1,Or5au1,True,True,True,True,True,True,True,True,True,False,True,True,True,True
ENSG00000198283,ENSMUSG00000046272,OR5B21,OR5B21,Or5b21,True,True,True,True,True,True,True,True,True,False,True,True,True,True
ENSG00000148215,ENSMUSG00000049018,OR5C1,OR5C1,Or5c1,True,True,True,True,True,True,True,True,True,False,True,True,True,True
ENSG00000205029,ENSMUSG00000075145,OR5D16,OR5D16,Or5d16,True,True,True,True,True,True,True,True,True,False,True,True,True,True
ENSG00000167825,ENSMUSG00000068816,OR5I1,OR5I1,Or5i1,True,True,True,True,True,True,True,True,True,False,True,True,True,True
ENSG00000174957,ENSMUSG00000047149,OR5J2,OR5J2,Or5j3,True,True,True,True,True,True,True,True,True,False,True,True,True,True
ENSG00000181371,ENSMUSG00000043267,OR5M8,OR5M8,Or5m8,True,True,True,True,True,True,True,True,True,False,True,True,True,True
ENSG00000184933,ENSMUSG00000070417,OR6A2,OR6A2,Or6a2,True,True,True,True,True,True,True,True,True,False,True,True,True,True
ENSG00000221813,ENSMUSG00000049168,OR6B1,OR6B1,Or6b1,True,True,True,True,True,True,True,True,True,False,True,True,True,True
ENSG00000205329,ENSMUSG00000049217,OR6C3,OR6C3,Or6c3,True,True,True,True,True,True,True,True,True,False,True,True,True,True
ENSG00000169214,ENSMUSG00000054498,OR6F1,OR6F1,Or6f1,True,True,True,True,True,True,True,True,True,False,True,True,True,True
ENSG00000196171,ENSMUSG00000055033,OR6K2,OR6K2,Or6k2,True,True,True,True,True,True,True,True,True,False,True,True,True,True
ENSG00000203757,ENSMUSG00000051528,OR6K3,OR6K3,Or6k4,True,True,True,True,True,True,True,True,True,False,True,True,True,True
ENSG00000180433,ENSMUSG00000046486,OR6K6,OR6K6,Or6k6,True,True,True,True,True,True,True,True,True,False,True,True,True,True
ENSG00000197403,ENSMUSG00000049528,OR6N1,OR6N1,Or6n1,True,True,True,True,True,True,True,True,True,False,True,True,True,True
ENSG00000188340,ENSMUSG00000050134,OR6N2,OR6N2,Or6n2,True,True,True,True,True,True,True,True,True,False,True,True,True,True
ENSG00000181803,ENSMUSG00000035932,OR6S1,OR6S1,Or6s1,True,True,True,True,True,True,True,True,True,False,True,True,True,True
ENSG00000221931,ENSMUSG00000051095,OR6X1,OR6X1,Or6x1,True,True,True,True,True,True,True,True,True,False,True,True,True,True
ENSG00000127529,ENSMUSG00000051190,OR7C2,OR7C2,Or7c70,True,True,True,True,True,True,True,True,True,False,True,True,True,True
ENSG00000280090,ENSMUSG00000066747,OR8B4,OR8B4,Or8b4,True,True,True,True,True,True,True,True,True,False,True,True,True,True
ENSG00000197125,ENSMUSG00000066748,OR8B8,OR8B8,Or8b8,True,True,True,True,True,True,True,True,True,False,True,True,True,True
ENSG00000181518,ENSMUSG00000049073,OR8D4,OR8D4,Or8d4,True,True,True,True,True,True,True,True,True,False,True,True,True,True
ENSG00000172154,ENSMUSG00000075166,OR8I2,OR8I2,Or8i2,True,True,True,True,True,True,True,True,True,False,True,True,True,True
ENSG00000150261,ENSMUSG00000075197,OR8K1,OR8K1,Or8k1,True,True,True,True,True,True,True,True,True,False,True,True,True,True
ENSG00000172199,ENSMUSG00000075200,OR8U1,OR8U1,Or8u9,True,True,True,True,True,True,True,True,True,False,True,True,True,True
ENSG00000279961,ENSMUSG00000050577,OR8U3,OR8U3,Or8u3,True,True,True,True,True,False,True,True,True,False,True,True,False,True
ENSG00000179468,ENSMUSG00000045479,OR9A2,OR9A2,Or9a2,True,True,True,True,True,True,True,True,True,False,True,True,True,True
ENSG00000258083,ENSMUSG00000045514,OR9A4,OR9A4,Or9a4,True,True,True,True,True,True,True,True,True,False,True,True,True,True
ENSG00000174914,ENSMUSG00000075209,OR9G1,OR9G1,Or9g20,True,True,True,True,True,True,True,True,True,False,True,True,True,True
ENSG00000172457,ENSMUSG00000075211,OR9G4,OR9G4,Or9g4,True,True,True,True,True,True,True,True,True,False,True,True,True,True
ENSG00000186509,ENSMUSG00000054526,OR9Q1,OR9Q1,Or9q1,True,True,True,True,True,True,True,True,True,False,True,True,True,True
ENSG00000186513,ENSMUSG00000044040,OR9Q2,OR9Q2,Or9q2,True,True,True,True,True,True,True,True,True,False,True,True,True,True
ENSG00000187866,ENSMUSG00000074922,PABIR1,PABIR1,Pabir1,True,True,True,True,True,False,True,True,True,False,True,True,False,True
ENSG00000156504,ENSMUSG00000036022,PABIR2,PABIR2,Pabir2,True,True,True,True,True,False,True,True,True,False,True,True,False,True
ENSG00000100731,ENSMUSG00000021140,PCNX1,PCNX1,Pcnx1,True,True,True,True,True,True,True,True,True,False,True,True,True,True
ENSG00000270806,ENSMUSG00000035085,C17ORF50,PGBDF,1700020L24Rik,True,True,True,True,True,True,True,True,True,False,True,True,True,True
ENSG00000154274,ENSMUSG00000060512,PGCKA1,PGCKA1,Pgcka1,True,True,True,True,True,False,True,True,True,False,True,True,False,True
ENSG00000167085,ENSMUSG00000038845,PHB1,PHB1,Phb1,True,True,True,True,True,False,True,True,True,False,True,True,False,True
ENSG00000160345,ENSMUSG00000026831,PIERCE1,PIERCE1,Pierce1,True,True,True,True,True,False,True,True,True,False,True,True,False,True
ENSG00000261652,ENSMUSG00000086158,PIERCE2,PIERCE2,Pierce2,True,True,True,True,True,False,True,True,True,False,True,True,False,True
ENSG00000112276,ENSMUSG00000071317,POPDC1,POPDC1,Popdc1,True,True,True,True,True,False,True,True,True,False,True,True,False,True
ENSG00000150750,ENSMUSG00000036027,POU2AF2,POU2AF2,Pou2af2,True,True,True,True,True,False,True,True,True,False,True,True,False,True
ENSG00000214290,ENSMUSG00000079559,POU2AF3,POU2AF3,Pou2af3,True,True,True,True,True,False,True,True,True,False,True,True,False,True
ENSG00000167173,ENSMUSG00000032300,C15ORF39,PRMT2IP,1700017B05Rik,True,True,True,True,True,True,True,True,True,False,True,True,True,True
ENSG00000112739,ENSMUSG00000021413,PRP4K,PRP4K,Prpf4b,True,True,True,True,True,False,True,True,True,False,True,True,False,True
ENSG00000161992,ENSMUSG00000025727,PRR35,PRR35,Prr35,True,True,True,True,True,True,True,True,True,False,True,True,True,True
ENSG00000180011,ENSMUSG00000049090,PTGR3,PTGR3,Ptgr3,True,True,True,True,True,False,True,True,True,False,True,True,False,True
ENSG00000104524,ENSMUSG00000022571,PYCR3,PYCR3,Pycr3,True,True,True,True,True,False,True,True,True,False,True,True,False,True
ENSG00000112531,ENSMUSG00000062078,QKI,QKI,Qki,True,True,True,True,True,True,True,True,True,False,True,True,True,True
ENSG00000165118,ENSMUSG00000021550,QNG1,QNG1,Qng1,True,True,True,True,True,False,True,True,True,False,True,True,False,True
ENSG00000113643,ENSMUSG00000018848,RARS1,RARS1,Rars1,True,True,True,True,True,False,True,True,True,False,True,True,False,True
ENSG00000180116,ENSMUSG00000078932,REDIC1,REDIC1,Redic1,True,True,True,True,True,False,True,True,True,False,True,True,False,True
ENSG00000107201,ENSMUSG00000040296,RIGI,RIGI,Rigi,True,True,True,True,True,False,True,True,True,False,True,True,False,True
ENSG00000205765,ENSMUSG00000041935,RIMOC1,RIMOC1,Rimoc1,True,True,True,True,True,False,True,True,True,False,True,True,False,True
ENSG00000133641,ENSMUSG00000046567,RLIG1,RLIG1,Rlig1,True,True,True,True,True,False,True,True,True,False,True,True,False,True
ENSG00000164603,ENSMUSG00000042742,SAMTOR,SAMTOR,Samtor,True,True,True,True,True,False,True,True,True,False,True,True,False,True
ENSG00000162148,ENSMUSG00000035179,SAXO4,SAXO4,Saxo4,True,True,True,True,True,False,True,True,True,False,True,True,False,True
ENSG00000198723,ENSMUSG00000040340,SAXO5,SAXO5,Saxo5,True,True,True,True,True,False,True,True,True,False,True,True,False,True
ENSG00000260802,ENSMUSG00000085139,SERTM2,SERTM2,Sertm2,True,True,True,True,True,False,True,True,True,False,True,True,False,True
ENSG00000204351,ENSMUSG00000040356,SKIC2,SKIC2,Skic2,True,True,True,True,True,False,True,True,True,False,True,True,False,True
ENSG00000198677,ENSMUSG00000033991,SKIC3,SKIC3,Skic3,True,True,True,True,True,False,True,True,True,False,True,True,False,True
ENSG00000140395,ENSMUSG00000061559,SKIC8,SKIC8,Skic8,True,True,True,True,True,False,True,True,True,False,True,True,False,True
ENSG00000169026,ENSMUSG00000029490,SLC49A3,SLC49A3,Slc49a3,True,True,True,True,True,False,True,True,True,False,True,True,False,True
ENSG00000162976,ENSMUSG00000045679,SLC66A3,SLC66A3,Slc66a3,True,True,True,True,True,False,True,True,True,False,True,True,False,True
ENSG00000110628,ENSMUSG00000000154,SLC67A1,SLC67A1,Slc22a18,True,True,True,True,True,False,True,True,True,False,True,True,False,True
ENSG00000160256,ENSMUSG00000032977,SLX9,SLX9,Slx9,True,True,True,True,True,False,True,True,True,False,True,True,False,True
ENSG00000186577,ENSMUSG00000062753,SMIM29,SMIM29,Smim29,True,True,True,True,True,False,True,True,True,False,True,True,False,True
ENSG00000255274,ENSMUSG00000091996,SMIM35,SMIM35,Smim35,True,True,True,True,True,False,True,True,True,False,True,True,False,True
ENSG00000133104,ENSMUSG00000036580,SPART,SPART,Spart,True,True,True,True,True,False,True,True,True,False,True,True,False,True
ENSG00000275489,ENSMUSG00000018543,SPMAP1,SPMAP1,Spmap1,True,True,True,True,True,False,True,True,True,False,True,True,False,True
ENSG00000105549,ENSMUSG00000020317,SPMAP2,SPMAP2,Spmap2,True,True,True,True,True,False,True,True,True,False,True,True,False,True
ENSG00000249693,ENSMUSG00000029248,SPMAP2L,SPMAP2L,Spmap2l,True,True,True,True,True,False,True,True,True,False,True,True,False,True
ENSG00000196900,ENSMUSG00000032900,SPMIP10,SPMIP10,Spmip10,True,True,True,True,True,False,True,True,True,False,True,True,False,True
ENSG00000257987,ENSMUSG00000022993,SPMIP11,SPMIP11,Spmip11,True,True,True,True,True,False,True,True,True,False,True,True,False,True
ENSG00000173728,ENSMUSG00000015962,SPMIP3,SPMIP3,Spmip3,True,True,True,True,True,False,True,True,True,False,True,True,False,True
ENSG00000153790,ENSMUSG00000029828,SPMIP4,SPMIP4,Spmip4,True,True,True,True,True,False,True,True,True,False,True,True,False,True
ENSG00000165863,ENSMUSG00000026931,SPMIP5,SPMIP5,Spmip5,True,True,True,True,True,False,True,True,True,False,True,True,False,True
ENSG00000164972,ENSMUSG00000028441,SPMIP6,SPMIP6,Spmip6,True,True,True,True,True,False,True,True,True,False,True,True,False,True
ENSG00000164500,ENSMUSG00000020191,SPMIP7,SPMIP7,Spmip7,True,True,True,True,True,False,True,True,True,False,True,True,False,True
ENSG00000159648,ENSMUSG00000090206,SPMIP8,SPMIP8,Spmip8,True,True,True,True,True,False,True,True,True,False,True,True,False,True
ENSG00000172073,ENSMUSG00000051896,SPMIP9,SPMIP9,Spmip9,True,True,True,True,True,False,True,True,True,False,True,True,False,True
ENSG00000182934,ENSMUSG00000032042,SRPRA,SRPRA,Srpra,True,True,True,True,True,True,True,True,True,False,True,True,True,True
ENSG00000070731,ENSMUSG00000057286,ST6GALNAC2,ST6GALNAC2,St6galnac2,True,True,True,True,True,True,True,True,True,False,True,True,True,True
ENSG00000243317,ENSMUSG00000073155,STMP1,STMP1,Stmp1,True,True,True,True,True,False,True,True,True,False,True,True,False,True
ENSG00000008282,ENSMUSG00000020570,SYPL1,SYPL1,Sypl1,True,True,True,True,True,True,True,True,True,False,True,True,True,True
ENSG00000113407,ENSMUSG00000022241,TARS1,TARS1,Tars1,True,True,True,True,True,False,True,True,True,False,True,True,False,True
ENSG00000185418,ENSMUSG00000030515,TARS3,TARS3,Tars3,True,True,True,True,True,False,True,True,True,False,True,True,False,True
ENSG00000183397,ENSMUSG00000020234,TEKTIP1,TEKTIP1,Tektip1,True,True,True,True,True,False,True,True,True,False,True,True,False,True
ENSG00000160994,ENSMUSG00000078442,TEKTL1,TEKTL1,Tektl1,True,True,True,True,True,False,True,True,True,False,True,True,False,True
ENSG00000238227,ENSMUSG00000087679,TMEM250,TMEM250,Tmem250,True,True,True,True,True,False,True,True,True,False,True,True,False,True
ENSG00000170439,ENSMUSG00000025347,TMT1B,TMT1B,Tmt1b,True,True,True,True,True,False,True,True,True,False,True,True,False,True
ENSG00000173715,ENSMUSG00000071691,TOP6BL,TOP6BL,Top6bl,True,True,True,True,True,False,True,True,True,False,True,True,False,True
ENSG00000188001,ENSMUSG00000048399,TPRG1,TPRG1,Tprg1,True,True,True,True,True,True,True,True,True,False,True,True,True,True
ENSG00000158109,ENSMUSG00000029030,TPRG1L,TPRG1L,Tprg1l,True,True,True,True,True,True,True,True,True,False,True,True,True,True
ENSG00000135974,ENSMUSG00000010290,C2ORF49,TSLIG2,AI597479,True,True,True,True,True,True,True,True,True,False,True,True,True,True
ENSG00000118420,ENSMUSG00000032415,UBE3D,UBE3D,Ube3d,True,True,True,True,True,True,True,True,True,False,True,True,True,True
ENSG00000174109,ENSMUSG00000067722,UQCC4,UQCC4,Uqcc4,True,True,True,True,True,False,True,True,True,False,True,True,False,True
ENSG00000168273,ENSMUSG00000058351,UQCC5,UQCC5,Uqcc5,True,True,True,True,True,False,True,True,True,False,True,True,False,True
ENSG00000204394,ENSMUSG00000007029,VARS1,VARS1,Vars1,True,True,True,True,True,False,True,True,True,False,True,True,False,True
ENSG00000244045,ENSMUSG00000051232,VMA12,VMA12,Tmem199,True,True,True,True,True,False,True,True,True,False,True,True,False,True
ENSG00000136710,ENSMUSG00000042111,VMA22,VMA22,Ccdc115,True,True,True,True,True,False,True,True,True,False,True,True,False,True
ENSG00000140105,ENSMUSG00000021266,WARS1,WARS1,Wars1,True,True,True,True,True,False,True,True,True,False,True,True,False,True
ENSG00000204344,ENSMUSG00000061207,WHR1,WHR1,Stk19,True,True,True,True,True,False,True,True,True,False,True,True,False,True
ENSG00000134684,ENSMUSG00000028811,YARS1,YARS1,Yars1,True,True,True,True,True,False,True,True,True,False,True,True,False,True
ENSG00000104957,ENSMUSG00000004994,YJU2B,YJU2B,Yju2b,True,True,True,True,True,False,True,True,True,False,True,True,False,True
ENSG00000257315,ENSMUSG00000094410,ZBED6,ZBED6,Zbed6,True,True,True,True,True,True,True,True,True,False,True,True,True,True
ENSG00000114853,ENSMUSG00000013419,ZBTB47,ZBTB47,Zbtb47,True,True,True,True,True,True,True,True,True,False,True,True,True,True
ENSG00000165805,ENSMUSG00000056912,C12ORF50,ZC3H11D,1700017N19Rik,True,True,True,True,True,True,True,True,True,False,True,True,True,True
ENSG00000018869,ENSMUSG00000109398,ZNF582,ZNF582,Zfp582,True,True,True,True,True,True,True,True,True,False,True,True,True,True
