contrast_id,species,GSE,rank,gene,rms_hallmark_score_delta,largest_change_hallmark,largest_score_delta
human_GSE108643,human,GSE108643,1,CDKN1A,0.1415778,PI3K/AKT/mTOR  Signaling,0.5564691
human_GSE108643,human,GSE108643,2,NR4A2,0.13288674,Androgen Response,0.4771456
human_GSE108643,human,GSE108643,3,SIK1,0.12274337,Unfolded Protein Response,0.490466
human_GSE108643,human,GSE108643,4,FOSL1,0.12077372,Estrogen Response Late,0.47985825
human_GSE108643,human,GSE108643,5,GADD45G,0.11556621,Xenobiotic Metabolism,0.34707645
human_GSE108643,human,GSE108643,6,NR4A3,0.1133608,KRAS Signaling Dn,-0.36635965
human_GSE108643,human,GSE108643,7,MPZL2,0.10809516,TGF-beta Signaling,0.37742513
human_GSE108643,human,GSE108643,8,THBS1,0.10688591,Adipogenesis,-0.443428
human_GSE108643,human,GSE108643,9,CX3CL1,0.10097158,Unfolded Protein Response,0.34787288
human_GSE108643,human,GSE108643,10,EGR1,0.0969287,KRAS Signaling Up,-0.39509377
human_GSE108643,human,GSE108643,11,STC2,0.089501396,Estrogen Response Early,0.3358355
human_GSE108643,human,GSE108643,12,PLEKHG1,0.08747921,UV Response Dn,-0.41423357
human_GSE108643,human,GSE108643,13,MAFF,0.08408022,Adipogenesis,-0.40865457
human_GSE108643,human,GSE108643,14,CMTM5,0.07941524,KRAS Signaling Up,-0.33797053
human_GSE108643,human,GSE108643,15,TUBB6,0.07634571,Hypoxia,-0.28942236
human_GSE108643,human,GSE108643,16,NR4A1,0.07601602,KRAS Signaling Up,-0.2911607
human_GSE108643,human,GSE108643,17,DUSP2,0.07521995,Hypoxia,0.22586823
human_GSE108643,human,GSE108643,18,MCAM,0.07464042,Coagulation,-0.28423065
human_GSE108643,human,GSE108643,19,AQP3,0.07365616,KRAS Signaling Up,0.26052898
human_GSE108643,human,GSE108643,20,ZC3H12A,0.073081315,Coagulation,0.32560706
human_GSE108643,human,GSE108643,21,ATF3,0.07287592,PI3K/AKT/mTOR  Signaling,0.23720068
human_GSE108643,human,GSE108643,22,ITGB3,0.07245149,TGF-beta Signaling,0.333403
human_GSE108643,human,GSE108643,23,PTGS2,0.07192873,IL-6/JAK/STAT3 Signaling,0.3313972
human_GSE108643,human,GSE108643,24,APOLD1,0.071890436,Adipogenesis,-0.3170363
human_GSE108643,human,GSE108643,25,TPM4,0.0718815,UV Response Dn,0.31102568
human_GSE108643,human,GSE108643,26,INHBE,0.071588986,p53 Pathway,-0.30992055
human_GSE108643,human,GSE108643,27,ADAMTS4,0.06975713,Coagulation,0.27266014
human_GSE108643,human,GSE108643,28,CHST3,0.069520734,UV Response Dn,-0.29612303
human_GSE108643,human,GSE108643,29,ERFE,0.06921917,Adipogenesis,-0.41188702
human_GSE108643,human,GSE108643,30,SLC25A25,0.069081366,Cholesterol Homeostasis,0.31100208
human_GSE108643,human,GSE108643,31,CCN1,0.068979785,Notch Signaling,0.24260145
human_GSE108643,human,GSE108643,32,RGS2,0.06678711,Complement,0.2335763
human_GSE108643,human,GSE108643,33,LCN10,0.0663512,IL-6/JAK/STAT3 Signaling,-0.35392416
human_GSE108643,human,GSE108643,34,GCH1,0.065235555,Bile Acid Metabolism,0.22851825
human_GSE108643,human,GSE108643,35,FLNB,0.06493984,Apoptosis,-0.22156844
human_GSE108643,human,GSE108643,36,EGR2,0.06489208,IL-6/JAK/STAT3 Signaling,0.28784186
human_GSE108643,human,GSE108643,37,MYC,0.06487182,Estrogen Response Early,0.29193678
human_GSE108643,human,GSE108643,38,PIK3R3,0.064748496,Adipogenesis,-0.2622684
human_GSE108643,human,GSE108643,39,TAMALIN,0.06437848,Coagulation,-0.30165213
human_GSE108643,human,GSE108643,40,DUSP8,0.06357413,G2-M Checkpoint,-0.34012663
human_GSE108643,human,GSE108643,41,GDNF,0.06214884,Androgen Response,0.32029057
human_GSE108643,human,GSE108643,42,PXDC1,0.06147178,Apical Junction,0.27436155
human_GSE108643,human,GSE108643,43,SDC4,0.0610562,Estrogen Response Early,-0.26776797
human_GSE108643,human,GSE108643,44,CHAC1,0.06036836,Inflammatory Response,-0.2466523
human_GSE108643,human,GSE108643,45,PMP22,0.06016774,Estrogen Response Early,-0.1867612
human_GSE108643,human,GSE108643,46,ADAMTS1,0.05965871,heme Metabolism,-0.23726799
human_GSE108643,human,GSE108643,47,RASL11A,0.059189223,Complement,0.23870161
human_GSE108643,human,GSE108643,48,GABARAPL1,0.0585882,Adipogenesis,-0.20897141
human_GSE108643,human,GSE108643,49,DUSP5,0.05814803,Inflammatory Response,0.1849935
human_GSE108643,human,GSE108643,50,DLL1,0.05696398,p53 Pathway,0.1958319
human_GSE108643,human,GSE108643,51,FOS,0.05572936,Myogenesis,0.20455891
human_GSE108643,human,GSE108643,52,RNF122,0.055406537,KRAS Signaling Up,0.19015792
human_GSE108643,human,GSE108643,53,PKP1,0.054130375,Pancreas Beta Cells,0.24771827
human_GSE108643,human,GSE108643,54,SERPINH1,0.053768847,Apical Junction,-0.21943465
human_GSE108643,human,GSE108643,55,PFKP,0.05282533,UV Response Dn,-0.2100167
human_GSE108643,human,GSE108643,56,GLIS2,0.052738663,UV Response Dn,-0.20910746
human_GSE108643,human,GSE108643,57,JUNB,0.052583613,G2-M Checkpoint,0.20545712
human_GSE108643,human,GSE108643,58,VWA1,0.05241437,Inflammatory Response,0.17278591
human_GSE108643,human,GSE108643,59,ANKRD1,0.052307907,UV Response Dn,-0.169231
human_GSE108643,human,GSE108643,60,SLC20A1,0.051969536,PI3K/AKT/mTOR  Signaling,0.19717446
human_GSE108643,human,GSE108643,61,LDLR,0.051749934,Pperoxisome,-0.21237972
human_GSE108643,human,GSE108643,62,SLC16A6,0.05174388,Allograft Rejection,-0.17773592
human_GSE108643,human,GSE108643,63,IQCC,0.05159378,Hypoxia,0.24690273
human_GSE108643,human,GSE108643,64,C5AR1,0.051197737,Adipogenesis,-0.174346
human_GSE108643,human,GSE108643,65,LINGO4,0.051035337,UV Response Dn,-0.3329183
human_GSE108643,human,GSE108643,66,ADRB2,0.05097393,Complement,0.18919438
human_GSE108643,human,GSE108643,67,ERRFI1,0.050841853,Unfolded Protein Response,0.18773031
human_GSE108643,human,GSE108643,68,MSX1,0.050120372,Allograft Rejection,-0.20007598
human_GSE108643,human,GSE108643,69,TINAGL1,0.050082866,UV Response Dn,-0.14555806
human_GSE108643,human,GSE108643,70,CSRP1,0.049206145,Apoptosis,-0.16264126
human_GSE108643,human,GSE108643,71,ACTN1,0.04919653,Adipogenesis,-0.22421567
human_GSE108643,human,GSE108643,72,ZDHHC23,0.048974168,Adipogenesis,-0.19541547
human_GSE108643,human,GSE108643,73,ANKRD37,0.048841406,UV Response Dn,-0.2388511
human_GSE108643,human,GSE108643,74,VEGFA,0.0488379,heme Metabolism,-0.20284516
human_GSE108643,human,GSE108643,75,NR0B2,0.048448205,KRAS Signaling Up,-0.17909425
human_GSE108643,human,GSE108643,76,TCIM,0.048436534,Complement,-0.13493443
human_GSE108643,human,GSE108643,77,BMF,0.048333973,Adipogenesis,-0.25348765
human_GSE108643,human,GSE108643,78,ID1,0.04828836,Adipogenesis,-0.2700102
human_GSE108643,human,GSE108643,79,LCP2,0.04800387,Interferon Alpha Response,-0.21389794
human_GSE108643,human,GSE108643,80,SLC38A4,0.047999665,Apoptosis,-0.19213781
human_GSE108643,human,GSE108643,81,SLC1A5,0.047774393,Unfolded Protein Response,0.2058
human_GSE108643,human,GSE108643,82,EMP1,0.04772234,Angiogenesis,-0.23194689
human_GSE108643,human,GSE108643,83,GPR4,0.04761739,Apoptosis,0.22496133
human_GSE108643,human,GSE108643,84,CCN2,0.047526326,Inflammatory Response,-0.17970389
human_GSE108643,human,GSE108643,85,ABRA,0.047402777,heme Metabolism,-0.23426622
human_GSE108643,human,GSE108643,86,PIM1,0.04734695,heme Metabolism,0.22052184
human_GSE108643,human,GSE108643,87,NOS3,0.047157302,Spermatogenesis,0.2089017
human_GSE108643,human,GSE108643,88,CARD10,0.04705799,p53 Pathway,-0.18961078
human_GSE108643,human,GSE108643,89,HMOX1,0.047035053,Pperoxisome,-0.17796215
human_GSE108643,human,GSE108643,90,ACTA2,0.04699233,Inflammatory Response,-0.2373068
human_GSE108643,human,GSE108643,91,KLF4,0.046863,UV Response Dn,-0.16081053
human_GSE108643,human,GSE108643,92,EPHA2,0.046780594,Estrogen Response Late,0.24074486
human_GSE108643,human,GSE108643,93,SOX18,0.04660305,Adipogenesis,-0.24869144
human_GSE108643,human,GSE108643,94,EDN1,0.046466745,Xenobiotic Metabolism,-0.20165914
human_GSE108643,human,GSE108643,95,MEOX1,0.0464098,KRAS Signaling Up,-0.15907823
human_GSE108643,human,GSE108643,96,BMP2,0.046226334,Estrogen Response Late,0.2162297
human_GSE108643,human,GSE108643,97,OTUD1,0.04616922,Allograft Rejection,0.15973628
human_GSE108643,human,GSE108643,98,TGIF1,0.04589845,Spermatogenesis,-0.19035453
human_GSE108643,human,GSE108643,99,USP2,0.04564252,p53 Pathway,-0.18576956
human_GSE108643,human,GSE108643,100,GADD45B,0.045375522,Cholesterol Homeostasis,-0.13494338
human_GSE151066,human,GSE151066,1,EGR1,0.15681721,KRAS Signaling Up,-0.5519139
human_GSE151066,human,GSE151066,2,NFKBIZ,0.14443666,Interferon Alpha Response,-0.5066252
human_GSE151066,human,GSE151066,3,JUNB,0.13798456,Allograft Rejection,0.46986806
human_GSE151066,human,GSE151066,4,SIK1,0.13758062,Unfolded Protein Response,0.52151895
human_GSE151066,human,GSE151066,5,SOCS3,0.13733679,TGF-beta Signaling,0.55243045
human_GSE151066,human,GSE151066,6,EGR2,0.1312563,Coagulation,0.5388845
human_GSE151066,human,GSE151066,7,DUSP5,0.12993914,TNF-alpha Signaling via NF-kB,0.3713366
human_GSE151066,human,GSE151066,8,NR4A2,0.12913868,Androgen Response,0.48498142
human_GSE151066,human,GSE151066,9,CCN1,0.12779324,Unfolded Protein Response,-0.49920407
human_GSE151066,human,GSE151066,10,FOS,0.11993222,Complement,-0.45493805
human_GSE151066,human,GSE151066,11,OTUD1,0.11985195,Estrogen Response Early,-0.42618296
human_GSE151066,human,GSE151066,12,FOSL1,0.11877377,Estrogen Response Late,0.46157467
human_GSE151066,human,GSE151066,13,GADD45B,0.11723519,UV Response Dn,-0.42578334
human_GSE151066,human,GSE151066,14,ZC3H12A,0.11665648,Coagulation,0.47018602
human_GSE151066,human,GSE151066,15,CDKN1A,0.114667535,PI3K/AKT/mTOR  Signaling,0.4096961
human_GSE151066,human,GSE151066,16,ADAMTS1,0.11078569,Hedgehog Signaling,0.30102178
human_GSE151066,human,GSE151066,17,THBS1,0.10606147,p53 Pathway,0.4266763
human_GSE151066,human,GSE151066,18,PTGS2,0.10324778,IL-6/JAK/STAT3 Signaling,0.40441433
human_GSE151066,human,GSE151066,19,ATF3,0.10279336,Adipogenesis,-0.37131527
human_GSE151066,human,GSE151066,20,NR4A3,0.10234985,Adipogenesis,0.37458345
human_GSE151066,human,GSE151066,21,SELE,0.101181515,Interferon Alpha Response,-0.39610195
human_GSE151066,human,GSE151066,22,CH25H,0.09720721,Xenobiotic Metabolism,-0.3592229
human_GSE151066,human,GSE151066,23,MSX1,0.09226166,Interferon Gamma Response,0.3130439
human_GSE151066,human,GSE151066,24,TAMALIN,0.092085354,UV Response Dn,-0.42620307
human_GSE151066,human,GSE151066,25,IER3,0.08993229,Unfolded Protein Response,0.33674836
human_GSE151066,human,GSE151066,26,DUSP2,0.08793182,Androgen Response,0.24422017
human_GSE151066,human,GSE151066,27,ZFP36,0.087880924,Complement,-0.3154747
human_GSE151066,human,GSE151066,28,BTG2,0.08776241,Complement,-0.3442677
human_GSE151066,human,GSE151066,29,APOLD1,0.08646371,Adipogenesis,-0.40585083
human_GSE151066,human,GSE151066,30,LDLR,0.08620626,Pperoxisome,-0.31514713
human_GSE151066,human,GSE151066,31,CEBPD,0.08401837,Adipogenesis,-0.3670769
human_GSE151066,human,GSE151066,32,RGS16,0.0831113,heme Metabolism,-0.31503588
human_GSE151066,human,GSE151066,33,RASD1,0.08132104,Inflammatory Response,-0.39513072
human_GSE151066,human,GSE151066,34,ANKRD1,0.08021448,heme Metabolism,-0.2736609
human_GSE151066,human,GSE151066,35,MAFF,0.07892636,Adipogenesis,-0.28491187
human_GSE151066,human,GSE151066,36,VCAM1,0.07744693,Coagulation,0.28213763
human_GSE151066,human,GSE151066,37,AREG,0.07713817,KRAS Signaling Up,-0.33337235
human_GSE151066,human,GSE151066,38,HAS1,0.07699072,Angiogenesis,-0.3940715
human_GSE151066,human,GSE151066,39,STC1,0.07639134,Xenobiotic Metabolism,-0.21629012
human_GSE151066,human,GSE151066,40,MYC,0.075580105,p53 Pathway,-0.33718067
human_GSE151066,human,GSE151066,41,NR4A1,0.074857004,KRAS Signaling Up,-0.28814727
human_GSE151066,human,GSE151066,42,ARC,0.07397291,Estrogen Response Late,0.27864486
human_GSE151066,human,GSE151066,43,ADAMTS4,0.073670216,heme Metabolism,-0.28109068
human_GSE151066,human,GSE151066,44,RRAD,0.07316149,Inflammatory Response,0.23083624
human_GSE151066,human,GSE151066,45,KLF10,0.07174224,TNF-alpha Signaling via NF-kB,-0.332382
human_GSE151066,human,GSE151066,46,MYOD1,0.069590375,Hedgehog Signaling,-0.2561074
human_GSE151066,human,GSE151066,47,IER2,0.06810016,Apoptosis,-0.2622723
human_GSE151066,human,GSE151066,48,EGR3,0.0674559,Complement,-0.37618464
human_GSE151066,human,GSE151066,49,CX3CL1,0.067151755,G2-M Checkpoint,0.3145701
human_GSE151066,human,GSE151066,50,FOSB,0.06712822,G2-M Checkpoint,0.20269057
human_GSE151066,human,GSE151066,51,CSRNP1,0.066400655,Estrogen Response Early,0.26344487
human_GSE151066,human,GSE151066,52,DUSP1,0.06613178,Protein Secretion,-0.20327914
human_GSE151066,human,GSE151066,53,PFKFB3,0.06585784,Hedgehog Signaling,-0.25727147
human_GSE151066,human,GSE151066,54,SNAI1,0.06474169,Androgen Response,0.2746311
human_GSE151066,human,GSE151066,55,ID4,0.064193845,p53 Pathway,0.28658623
human_GSE151066,human,GSE151066,56,UBE2C,0.063420065,Myc Targets V1,-0.31425825
human_GSE151066,human,GSE151066,57,SERTAD1,0.06336755,Inflammatory Response,-0.2865686
human_GSE151066,human,GSE151066,58,KLF4,0.062238872,Estrogen Response Early,0.23024517
human_GSE151066,human,GSE151066,59,TRIB1,0.061872214,KRAS Signaling Up,-0.2435824
human_GSE151066,human,GSE151066,60,RNF122,0.06174208,p53 Pathway,0.19403717
human_GSE151066,human,GSE151066,61,GJA1,0.06174171,Angiogenesis,0.24880071
human_GSE151066,human,GSE151066,62,EMP1,0.06133582,Angiogenesis,-0.19905424
human_GSE151066,human,GSE151066,63,NABP1,0.060787722,Unfolded Protein Response,0.2876729
human_GSE151066,human,GSE151066,64,G0S2,0.06078208,TNF-alpha Signaling via NF-kB,0.2670307
human_GSE151066,human,GSE151066,65,DLL1,0.060570482,p53 Pathway,0.2306326
human_GSE151066,human,GSE151066,66,MAFB,0.0604849,Coagulation,-0.22956562
human_GSE151066,human,GSE151066,67,TCIM,0.06023603,Androgen Response,0.20666024
human_GSE151066,human,GSE151066,68,TNFAIP6,0.059911855,p53 Pathway,0.21360968
human_GSE151066,human,GSE151066,69,CCN2,0.05936972,Hedgehog Signaling,0.20110291
human_GSE151066,human,GSE151066,70,CISH,0.059139796,Coagulation,-0.24325907
human_GSE151066,human,GSE151066,71,HES1,0.05904756,IL-2/STAT5 Signaling,0.23354983
human_GSE151066,human,GSE151066,72,XIRP1,0.059001688,p53 Pathway,-0.20800929
human_GSE151066,human,GSE151066,73,ETS2,0.05826292,KRAS Signaling Up,-0.1774272
human_GSE151066,human,GSE151066,74,RND1,0.057007678,Allograft Rejection,-0.19464636
human_GSE151066,human,GSE151066,75,MMP19,0.056597624,Adipogenesis,-0.21444967
human_GSE151066,human,GSE151066,76,IL1B,0.056439623,Epithelial Mesenchymal Transition,-0.2425467
human_GSE151066,human,GSE151066,77,PPP1R15B,0.05633248,Coagulation,0.22588022
human_GSE151066,human,GSE151066,78,THBD,0.055875525,Allograft Rejection,0.19503182
human_GSE151066,human,GSE151066,79,KCP,0.055840705,UV Response Dn,-0.26177305
human_GSE151066,human,GSE151066,80,ERFE,0.055460297,Adipogenesis,-0.32741857
human_GSE151066,human,GSE151066,81,PXDC1,0.055137895,Coagulation,-0.16765359
human_GSE151066,human,GSE151066,82,CKS2,0.055008505,Allograft Rejection,-0.23630823
human_GSE151066,human,GSE151066,83,BCL3,0.054714844,Interferon Alpha Response,-0.20227024
human_GSE151066,human,GSE151066,84,CMTM5,0.05458541,Reactive Oxygen Species Pathway,0.2267626
human_GSE151066,human,GSE151066,85,MXD1,0.054421917,Apoptosis,-0.18984479
human_GSE151066,human,GSE151066,86,GEM,0.05410937,Angiogenesis,-0.16935357
human_GSE151066,human,GSE151066,87,LIF,0.053893946,UV Response Dn,-0.36258185
human_GSE151066,human,GSE151066,88,GDNF,0.053457223,Androgen Response,0.23516715
human_GSE151066,human,GSE151066,89,MIDN,0.05312979,G2-M Checkpoint,0.19451675
human_GSE151066,human,GSE151066,90,HBEGF,0.05301072,p53 Pathway,-0.19178128
human_GSE151066,human,GSE151066,91,PLEKHO2,0.052280113,heme Metabolism,-0.20051214
human_GSE151066,human,GSE151066,92,TFPI2,0.05161376,Androgen Response,0.23264155
human_GSE151066,human,GSE151066,93,PLAU,0.051121857,Androgen Response,0.18276557
human_GSE151066,human,GSE151066,94,GPRC5A,0.05105331,p53 Pathway,0.20149252
human_GSE151066,human,GSE151066,95,NFIL3,0.050789554,Complement,-0.21930474
human_GSE151066,human,GSE151066,96,SAT1,0.050562136,Allograft Rejection,-0.15356874
human_GSE151066,human,GSE151066,97,FOSL2,0.050386928,Coagulation,-0.23077017
human_GSE151066,human,GSE151066,98,PDE4B,0.050340615,p53 Pathway,-0.20933226
human_GSE151066,human,GSE151066,99,TSC22D2,0.050004404,Wnt-beta Catenin Signaling,0.21133012
human_GSE151066,human,GSE151066,100,CCL20,0.04995344,Coagulation,-0.19032747
human_GSE71972,human,GSE71972,1,NR4A2,0.1454037,Androgen Response,0.50411993
human_GSE71972,human,GSE71972,2,SIK1,0.1444269,Unfolded Protein Response,0.6173882
human_GSE71972,human,GSE71972,3,FOSL1,0.14410935,Estrogen Response Late,0.56238014
human_GSE71972,human,GSE71972,4,EGR1,0.12781672,KRAS Signaling Up,-0.48117083
human_GSE71972,human,GSE71972,5,CDKN1A,0.1246506,PI3K/AKT/mTOR  Signaling,0.4548243
human_GSE71972,human,GSE71972,6,CCN1,0.112575606,Xenobiotic Metabolism,-0.36977062
human_GSE71972,human,GSE71972,7,CX3CL1,0.109846234,G2-M Checkpoint,0.40207794
human_GSE71972,human,GSE71972,8,EGR2,0.09977035,IL-6/JAK/STAT3 Signaling,0.46088052
human_GSE71972,human,GSE71972,9,NR4A3,0.092138946,KRAS Signaling Up,-0.275836
human_GSE71972,human,GSE71972,10,DUSP5,0.090950966,Inflammatory Response,0.35015294
human_GSE71972,human,GSE71972,11,MPZL2,0.088078,Coagulation,0.3339197
human_GSE71972,human,GSE71972,12,APOLD1,0.0860449,Adipogenesis,-0.42485088
human_GSE71972,human,GSE71972,13,TAMALIN,0.0802807,Coagulation,-0.31055784
human_GSE71972,human,GSE71972,14,FOS,0.07833686,Myogenesis,0.3204061
human_GSE71972,human,GSE71972,15,NR4A1,0.07770968,KRAS Signaling Up,-0.27853256
human_GSE71972,human,GSE71972,16,CMTM5,0.07538807,KRAS Signaling Up,-0.31086236
human_GSE71972,human,GSE71972,17,JUNB,0.0722146,G2-M Checkpoint,0.2623789
human_GSE71972,human,GSE71972,18,ZC3H12A,0.06968348,Coagulation,0.35254773
human_GSE71972,human,GSE71972,19,TUBB6,0.066785015,Hypoxia,-0.2950586
human_GSE71972,human,GSE71972,20,GADD45G,0.06590859,Complement,0.26769966
human_GSE71972,human,GSE71972,21,ADAMTS1,0.06572717,heme Metabolism,-0.20573147
human_GSE71972,human,GSE71972,22,ATF3,0.063579716,PI3K/AKT/mTOR  Signaling,0.30726343
human_GSE71972,human,GSE71972,23,LCP2,0.06324498,Interferon Alpha Response,-0.29545712
human_GSE71972,human,GSE71972,24,MYC,0.06284966,Estrogen Response Early,0.3096411
human_GSE71972,human,GSE71972,25,THBS1,0.062063556,Adipogenesis,-0.24389523
human_GSE71972,human,GSE71972,26,UBE2C,0.061088182,Myc Targets V1,-0.3122038
human_GSE71972,human,GSE71972,27,TPM4,0.06040004,UV Response Dn,0.31480727
human_GSE71972,human,GSE71972,28,EGR3,0.05932185,Allograft Rejection,-0.2809254
human_GSE71972,human,GSE71972,29,MCAM,0.058386307,Coagulation,-0.2712563
human_GSE71972,human,GSE71972,30,GPR4,0.05713992,Apoptosis,0.33103317
human_GSE71972,human,GSE71972,31,SOX18,0.05700132,TGF-beta Signaling,0.18254678
human_GSE71972,human,GSE71972,32,ADAMTS4,0.05676936,Coagulation,0.22582757
human_GSE71972,human,GSE71972,33,TCIM,0.05644598,PI3K/AKT/mTOR  Signaling,-0.16772409
human_GSE71972,human,GSE71972,34,NRARP,0.05577278,Spermatogenesis,-0.18503267
human_GSE71972,human,GSE71972,35,SNAI1,0.055422846,Androgen Response,0.23577958
human_GSE71972,human,GSE71972,36,GCH1,0.054203153,Coagulation,0.19833243
human_GSE71972,human,GSE71972,37,CNN1,0.053957637,Adipogenesis,-0.20931214
human_GSE71972,human,GSE71972,38,LDLR,0.053748973,Pperoxisome,-0.213918
human_GSE71972,human,GSE71972,39,PIK3R3,0.053251307,Adipogenesis,-0.22943804
human_GSE71972,human,GSE71972,40,KLF4,0.052938305,E2F Targets,-0.19093752
human_GSE71972,human,GSE71972,41,CHST3,0.052137796,UV Response Dn,-0.23121852
human_GSE71972,human,GSE71972,42,PLEKHO2,0.049946137,heme Metabolism,-0.2040734
human_GSE71972,human,GSE71972,43,DEPP1,0.049198687,Adipogenesis,0.20003942
human_GSE71972,human,GSE71972,44,CCN2,0.048189748,Inflammatory Response,-0.17667973
human_GSE71972,human,GSE71972,45,FOSB,0.048164666,Complement,0.21308148
human_GSE71972,human,GSE71972,46,ITPRIP,0.048155583,UV Response Dn,0.18226841
human_GSE71972,human,GSE71972,47,IER2,0.04727551,IL-6/JAK/STAT3 Signaling,-0.2028834
human_GSE71972,human,GSE71972,48,PTGS2,0.046267383,IL-6/JAK/STAT3 Signaling,0.18676552
human_GSE71972,human,GSE71972,49,CH25H,0.046199497,Xenobiotic Metabolism,-0.17087409
human_GSE71972,human,GSE71972,50,LCN10,0.046090957,IL-6/JAK/STAT3 Signaling,-0.28277102
human_GSE71972,human,GSE71972,51,CAPN12,0.04393091,Estrogen Response Late,-0.23411018
human_GSE71972,human,GSE71972,52,SOX17,0.043783836,heme Metabolism,0.1909391
human_GSE71972,human,GSE71972,53,GIMAP8,0.043745957,heme Metabolism,-0.1896492
human_GSE71972,human,GSE71972,54,AVPR1A,0.042939134,p53 Pathway,-0.1897912
human_GSE71972,human,GSE71972,55,MAFF,0.04264663,Complement,-0.115267515
human_GSE71972,human,GSE71972,56,AREG,0.042640578,KRAS Signaling Up,-0.15546823
human_GSE71972,human,GSE71972,57,EDN1,0.04244898,Xenobiotic Metabolism,-0.16182014
human_GSE71972,human,GSE71972,58,EPPK1,0.042099915,Hypoxia,0.1831106
human_GSE71972,human,GSE71972,59,SLC27A3,0.04186054,heme Metabolism,-0.17431848
human_GSE71972,human,GSE71972,60,RGS2,0.04176096,Reactive Oxygen Species Pathway,-0.14019899
human_GSE71972,human,GSE71972,61,TMEM35B,0.041723974,Allograft Rejection,0.16809487
human_GSE71972,human,GSE71972,62,RASSF10,0.041681223,p53 Pathway,-0.2356146
human_GSE71972,human,GSE71972,63,SEPTIN1,0.041641064,Inflammatory Response,-0.22039741
human_GSE71972,human,GSE71972,64,SERPINH1,0.04137994,Apical Junction,-0.19025624
human_GSE71972,human,GSE71972,65,EPHA2,0.041112397,Estrogen Response Late,0.24874836
human_GSE71972,human,GSE71972,66,CSRP1,0.0406715,Androgen Response,0.13618498
human_GSE71972,human,GSE71972,67,ID1,0.04062657,Adipogenesis,-0.17593542
human_GSE71972,human,GSE71972,68,TGIF1,0.040489003,Spermatogenesis,-0.15442288
human_GSE71972,human,GSE71972,69,BMP2,0.040435437,Estrogen Response Late,0.20931402
human_GSE71972,human,GSE71972,70,KLF10,0.040073823,TNF-alpha Signaling via NF-kB,-0.14245114
human_GSE71972,human,GSE71972,71,SLC25A25,0.04004181,Cholesterol Homeostasis,0.16650695
human_GSE71972,human,GSE71972,72,NEURL1B,0.039924745,Bile Acid Metabolism,0.18031207
human_GSE71972,human,GSE71972,73,CARD10,0.039662644,Androgen Response,-0.16715959
human_GSE71972,human,GSE71972,74,TNF,0.039581172,Interferon Alpha Response,-0.22906768
human_GSE71972,human,GSE71972,75,PYCR1,0.039296452,Unfolded Protein Response,0.21520363
human_GSE71972,human,GSE71972,76,FAM110D,0.038868375,Allograft Rejection,0.15290064
human_GSE71972,human,GSE71972,77,ERRFI1,0.038592067,PI3K/AKT/mTOR  Signaling,0.11564475
human_GSE71972,human,GSE71972,78,KITLG,0.03858464,Coagulation,0.16375494
human_GSE71972,human,GSE71972,79,RNF122,0.03829716,UV Response Dn,-0.128692
human_GSE71972,human,GSE71972,80,STARD4,0.038065523,mTORC1 Signaling,-0.20684153
human_GSE71972,human,GSE71972,81,MOGAT1,0.037995566,Pperoxisome,0.15217909
human_GSE71972,human,GSE71972,82,EFNA1,0.037979204,IL-2/STAT5 Signaling,-0.117490776
human_GSE71972,human,GSE71972,83,TYROBP,0.03723668,DNA Repair,-0.17766857
human_GSE71972,human,GSE71972,84,HES1,0.03719529,Wnt-beta Catenin Signaling,-0.13139075
human_GSE71972,human,GSE71972,85,GEM,0.037118558,Bile Acid Metabolism,-0.1164031
human_GSE71972,human,GSE71972,86,MFNG,0.03662881,Complement,-0.13980396
human_GSE71972,human,GSE71972,87,CSRNP1,0.036110442,KRAS Signaling Dn,0.145208
human_GSE71972,human,GSE71972,88,ARL4A,0.036043555,Spermatogenesis,-0.12747961
human_GSE71972,human,GSE71972,89,GPR183,0.03563427,Allograft Rejection,-0.16070116
human_GSE71972,human,GSE71972,90,DUSP1,0.035590004,Coagulation,0.14542171
human_GSE71972,human,GSE71972,91,TACSTD2,0.035500098,Inflammatory Response,0.11061162
human_GSE71972,human,GSE71972,92,GIMAP7,0.035409674,Coagulation,-0.124155045
human_GSE71972,human,GSE71972,93,RASL11A,0.035365887,Complement,0.17979378
human_GSE71972,human,GSE71972,94,PLEKHG1,0.03481425,Apoptosis,0.13824171
human_GSE71972,human,GSE71972,95,ZPR1,0.034783,heme Metabolism,0.13602546
human_GSE71972,human,GSE71972,96,TAL1,0.034540437,UV Response Dn,-0.21423522
human_GSE71972,human,GSE71972,97,ADRB2,0.03448018,Coagulation,0.14013582
human_GSE71972,human,GSE71972,98,VASN,0.03441534,Glycolysis,-0.16994533
human_GSE71972,human,GSE71972,99,DUSP8,0.03440003,G2-M Checkpoint,-0.18375386
human_GSE71972,human,GSE71972,100,RNF125,0.034140788,Androgen Response,-0.1636169
human_GSE86931,human,GSE86931,1,CDKN1A,0.18483533,PI3K/AKT/mTOR  Signaling,0.6856317
human_GSE86931,human,GSE86931,2,SIK1,0.13606659,Androgen Response,0.5061387
human_GSE86931,human,GSE86931,3,PRKAG2,0.11159312,Estrogen Response Early,-0.47114772
human_GSE86931,human,GSE86931,4,ANGPT2,0.1099353,Androgen Response,0.44923475
human_GSE86931,human,GSE86931,5,STC2,0.105763435,Inflammatory Response,-0.40876114
human_GSE86931,human,GSE86931,6,NR4A3,0.10287431,Estrogen Response Early,-0.392012
human_GSE86931,human,GSE86931,7,ESRRG,0.09888089,Adipogenesis,-0.55423576
human_GSE86931,human,GSE86931,8,ELN,0.0965927,Unfolded Protein Response,0.44718814
human_GSE86931,human,GSE86931,9,OTUD1,0.096099064,Apoptosis,0.36391434
human_GSE86931,human,GSE86931,10,AQP3,0.09470034,p53 Pathway,0.29875657
human_GSE86931,human,GSE86931,11,EDIL3,0.090830535,p53 Pathway,0.32130837
human_GSE86931,human,GSE86931,12,PLA2G7,0.085898824,Apoptosis,0.36474857
human_GSE86931,human,GSE86931,13,DCDC2,0.083118476,Pancreas Beta Cells,-0.36447638
human_GSE86931,human,GSE86931,14,SLC16A6,0.080281325,Allograft Rejection,-0.30258688
human_GSE86931,human,GSE86931,15,FJX1,0.08024996,Complement,0.3314071
human_GSE86931,human,GSE86931,16,TNC,0.07981851,Androgen Response,0.35962313
human_GSE86931,human,GSE86931,17,BTG2,0.0793294,Complement,0.27577424
human_GSE86931,human,GSE86931,18,PPARGC1A,0.0792716,Apoptosis,-0.2678783
human_GSE86931,human,GSE86931,19,DACT1,0.079056434,UV Response Dn,-0.36713138
human_GSE86931,human,GSE86931,20,CMTM5,0.079026245,KRAS Signaling Up,-0.34793475
human_GSE86931,human,GSE86931,21,MPZL2,0.07809258,Apoptosis,0.3385647
human_GSE86931,human,GSE86931,22,ARL4D,0.07791488,Unfolded Protein Response,0.28443584
human_GSE86931,human,GSE86931,23,PHLDA1,0.07776575,heme Metabolism,-0.33085412
human_GSE86931,human,GSE86931,24,ANKRD1,0.076729245,Apoptosis,-0.32701397
human_GSE86931,human,GSE86931,25,PER1,0.07665982,IL-2/STAT5 Signaling,-0.32239988
human_GSE86931,human,GSE86931,26,PRR5,0.075198136,Adipogenesis,-0.2863065
human_GSE86931,human,GSE86931,27,AREG,0.074789986,heme Metabolism,-0.2689082
human_GSE86931,human,GSE86931,28,PXDC1,0.07320329,Apical Junction,0.31220275
human_GSE86931,human,GSE86931,29,COL1A2,0.07285446,Apoptosis,-0.25137722
human_GSE86931,human,GSE86931,30,CGA,0.07239354,Adipogenesis,-0.4001988
human_GSE86931,human,GSE86931,31,NNMT,0.0718312,IL-6/JAK/STAT3 Signaling,-0.20773715
human_GSE86931,human,GSE86931,32,ITGB3,0.0712976,TGF-beta Signaling,0.33701587
human_GSE86931,human,GSE86931,33,NGFR,0.0711408,Glycolysis,-0.3180654
human_GSE86931,human,GSE86931,34,AMIGO2,0.07028014,Glycolysis,-0.24389404
human_GSE86931,human,GSE86931,35,MAFF,0.07016607,Adipogenesis,-0.32412937
human_GSE86931,human,GSE86931,36,IER3,0.069963984,Unfolded Protein Response,0.31553513
human_GSE86931,human,GSE86931,37,LONRF3,0.069731176,Bile Acid Metabolism,-0.30534667
human_GSE86931,human,GSE86931,38,GPR176,0.06929091,Estrogen Response Late,0.26674694
human_GSE86931,human,GSE86931,39,SLC25A30,0.068596095,Estrogen Response Late,-0.2693649
human_GSE86931,human,GSE86931,40,LCN10,0.06842731,IL-6/JAK/STAT3 Signaling,-0.37721997
human_GSE86931,human,GSE86931,41,MYL9,0.06716161,Fatty Acid Metabolism,0.2249111
human_GSE86931,human,GSE86931,42,SPON1,0.06657796,Androgen Response,0.2285177
human_GSE86931,human,GSE86931,43,ZC3H12A,0.06644906,Coagulation,0.30635047
human_GSE86931,human,GSE86931,44,RUNX1,0.065638356,TNF-alpha Signaling via NF-kB,0.33066875
human_GSE86931,human,GSE86931,45,CMIP,0.06530926,Androgen Response,0.20077664
human_GSE86931,human,GSE86931,46,PTPRE,0.06518416,PI3K/AKT/mTOR  Signaling,0.30640697
human_GSE86931,human,GSE86931,47,APBB1IP,0.065112256,Inflammatory Response,-0.20826179
human_GSE86931,human,GSE86931,48,MCAM,0.06504922,Complement,-0.28413245
human_GSE86931,human,GSE86931,49,PNMA8A,0.06479009,Inflammatory Response,0.31959704
human_GSE86931,human,GSE86931,50,PFKP,0.06450658,Unfolded Protein Response,0.20624968
human_GSE86931,human,GSE86931,51,CD163,0.06437089,Coagulation,0.19093755
human_GSE86931,human,GSE86931,52,AFAP1,0.06369862,Complement,0.2793427
human_GSE86931,human,GSE86931,53,PTGS2,0.0636375,IL-6/JAK/STAT3 Signaling,0.23217565
human_GSE86931,human,GSE86931,54,NR1D1,0.06343239,KRAS Signaling Up,-0.2199233
human_GSE86931,human,GSE86931,55,NABP1,0.06320374,Unfolded Protein Response,0.3265081
human_GSE86931,human,GSE86931,56,PMP22,0.06307668,IL-6/JAK/STAT3 Signaling,-0.22560704
human_GSE86931,human,GSE86931,57,C2CD2,0.063064024,Inflammatory Response,-0.19035578
human_GSE86931,human,GSE86931,58,NPR3,0.061834294,Myogenesis,0.21400726
human_GSE86931,human,GSE86931,59,IGFBP4,0.06152765,Adipogenesis,-0.17449462
human_GSE86931,human,GSE86931,60,TNNT2,0.061517917,UV Response Dn,-0.33628
human_GSE86931,human,GSE86931,61,PPARGC1B,0.061414205,UV Response Dn,-0.3977194
human_GSE86931,human,GSE86931,62,GADD45G,0.06119775,Complement,0.21787694
human_GSE86931,human,GSE86931,63,PTGFRN,0.061079,mTORC1 Signaling,0.26258212
human_GSE86931,human,GSE86931,64,BGN,0.061062552,Glycolysis,-0.27105302
human_GSE86931,human,GSE86931,65,TUBB6,0.061047498,Inflammatory Response,-0.27026725
human_GSE86931,human,GSE86931,66,THBS1,0.061023105,Adipogenesis,-0.2775131
human_GSE86931,human,GSE86931,67,PTTG1IP,0.061016973,p53 Pathway,-0.25477782
human_GSE86931,human,GSE86931,68,CCN3,0.060928557,UV Response Dn,-0.20598213
human_GSE86931,human,GSE86931,69,G0S2,0.060791515,TNF-alpha Signaling via NF-kB,0.19029069
human_GSE86931,human,GSE86931,70,ACOT7,0.060727257,Glycolysis,-0.2965033
human_GSE86931,human,GSE86931,71,KCNMB1,0.06043993,Allograft Rejection,-0.20955783
human_GSE86931,human,GSE86931,72,ID4,0.060418677,TNF-alpha Signaling via NF-kB,0.25118542
human_GSE86931,human,GSE86931,73,GPR153,0.0604126,IL-2/STAT5 Signaling,-0.20126367
human_GSE86931,human,GSE86931,74,ITIH3,0.0603557,Inflammatory Response,-0.25471053
human_GSE86931,human,GSE86931,75,VEGFA,0.060317654,heme Metabolism,-0.20575571
human_GSE86931,human,GSE86931,76,MYL4,0.05996099,Inflammatory Response,-0.2258529
human_GSE86931,human,GSE86931,77,DUSP2,0.05958966,Hypoxia,0.22423416
human_GSE86931,human,GSE86931,78,KCNQ4,0.059581496,Coagulation,0.2206541
human_GSE86931,human,GSE86931,79,SLC38A4,0.059182126,Epithelial Mesenchymal Transition,-0.22896448
human_GSE86931,human,GSE86931,80,SLC16A9,0.059175696,KRAS Signaling Up,-0.21425247
human_GSE86931,human,GSE86931,81,COL1A1,0.05905331,Inflammatory Response,-0.29083508
human_GSE86931,human,GSE86931,82,CHST15,0.058990326,Complement,0.22967973
human_GSE86931,human,GSE86931,83,SH3BP5,0.058982704,Androgen Response,-0.22643727
human_GSE86931,human,GSE86931,84,TUBA1B,0.058721583,IL-6/JAK/STAT3 Signaling,-0.20894271
human_GSE86931,human,GSE86931,85,GABARAPL1,0.0586116,Adipogenesis,-0.2340903
human_GSE86931,human,GSE86931,86,CARD10,0.058461297,p53 Pathway,-0.22596243
human_GSE86931,human,GSE86931,87,TUBA1C,0.058195855,G2-M Checkpoint,0.246858
human_GSE86931,human,GSE86931,88,C5AR1,0.058190797,Hypoxia,-0.2298134
human_GSE86931,human,GSE86931,89,FLNB,0.057589464,Complement,-0.19899347
human_GSE86931,human,GSE86931,90,ADAMTS2,0.0575519,Mitotic Spindle,-0.19986343
human_GSE86931,human,GSE86931,91,MYOF,0.05718837,Apoptosis,-0.23429641
human_GSE86931,human,GSE86931,92,ANPEP,0.057179783,Spermatogenesis,-0.25783736
human_GSE86931,human,GSE86931,93,SUSD5,0.057159655,Adipogenesis,-0.29666084
human_GSE86931,human,GSE86931,94,NCS1,0.05704971,p53 Pathway,0.28227457
human_GSE86931,human,GSE86931,95,KCNN2,0.05671591,heme Metabolism,-0.22185987
human_GSE86931,human,GSE86931,96,PKP1,0.056277882,Pancreas Beta Cells,-0.20112433
human_GSE86931,human,GSE86931,97,NOX4,0.056063216,UV Response Dn,0.22609615
human_GSE86931,human,GSE86931,98,COL8A1,0.055954818,Estrogen Response Early,0.21224415
human_GSE86931,human,GSE86931,99,SLC2A1,0.055863094,Spermatogenesis,0.18673852
human_GSE86931,human,GSE86931,100,EGR1,0.05583267,KRAS Signaling Up,-0.22217369
human_GSE87748,human,GSE87748,1,OTUD1,0.09950891,Apoptosis,0.3465712
human_GSE87748,human,GSE87748,2,CDKN1A,0.09861082,PI3K/AKT/mTOR  Signaling,0.39058656
human_GSE87748,human,GSE87748,3,PKP1,0.09101667,Pancreas Beta Cells,-0.35055465
human_GSE87748,human,GSE87748,4,TAMALIN,0.08423238,UV Response Dn,0.28485185
human_GSE87748,human,GSE87748,5,GADD45G,0.08312157,Complement,0.31677687
human_GSE87748,human,GSE87748,6,CIART,0.07533643,Apoptosis,0.28438374
human_GSE87748,human,GSE87748,7,NR4A3,0.073587425,TGF-beta Signaling,0.31132165
human_GSE87748,human,GSE87748,8,PDK4,0.07252438,Estrogen Response Early,0.24791472
human_GSE87748,human,GSE87748,9,ANGPTL4,0.07142234,Xenobiotic Metabolism,-0.22828932
human_GSE87748,human,GSE87748,10,NR1D1,0.06916621,Inflammatory Response,0.26108342
human_GSE87748,human,GSE87748,11,PER1,0.06784299,IL-2/STAT5 Signaling,-0.26044247
human_GSE87748,human,GSE87748,12,AREG,0.065722436,Apoptosis,-0.23296247
human_GSE87748,human,GSE87748,13,BTG2,0.06023517,Complement,0.27745432
human_GSE87748,human,GSE87748,14,SIK1,0.058219552,Unfolded Protein Response,0.2709564
human_GSE87748,human,GSE87748,15,PRKAG2,0.057067715,KRAS Signaling Up,0.25970048
human_GSE87748,human,GSE87748,16,PMP22,0.05495355,IL-6/JAK/STAT3 Signaling,-0.19176799
human_GSE87748,human,GSE87748,17,WNT9A,0.053626355,heme Metabolism,0.2051999
human_GSE87748,human,GSE87748,18,DUSP2,0.051592402,p53 Pathway,0.140769
human_GSE87748,human,GSE87748,19,LCN6,0.051337745,Apoptosis,0.3237254
human_GSE87748,human,GSE87748,20,SERPINE1,0.051183674,Androgen Response,0.23441401
human_GSE87748,human,GSE87748,21,NEDD9,0.051027372,heme Metabolism,0.1833244
human_GSE87748,human,GSE87748,22,PPARGC1A,0.050684437,KRAS Signaling Up,-0.19316486
human_GSE87748,human,GSE87748,23,ADGRG1,0.050031684,E2F Targets,0.24382359
human_GSE87748,human,GSE87748,24,CX3CL1,0.049954355,G2-M Checkpoint,-0.18816075
human_GSE87748,human,GSE87748,25,ARRDC2,0.049911227,IL-2/STAT5 Signaling,-0.19622564
human_GSE87748,human,GSE87748,26,S100A8,0.04985635,Fatty Acid Metabolism,0.15187587
human_GSE87748,human,GSE87748,27,FKBP5,0.04955625,Unfolded Protein Response,0.2141636
human_GSE87748,human,GSE87748,28,SLC38A4,0.049160577,Epithelial Mesenchymal Transition,-0.20160228
human_GSE87748,human,GSE87748,29,DDIT4,0.048853546,heme Metabolism,0.21784341
human_GSE87748,human,GSE87748,30,PRR5,0.04881236,Bile Acid Metabolism,0.18324941
human_GSE87748,human,GSE87748,31,SH2D3C,0.04807365,Adipogenesis,0.18072848
human_GSE87748,human,GSE87748,32,NFKBIA,0.048025925,heme Metabolism,0.16744488
human_GSE87748,human,GSE87748,33,NR4A1,0.04720534,TGF-beta Signaling,0.19069886
human_GSE87748,human,GSE87748,34,TMEM35B,0.046414115,Adipogenesis,0.15923858
human_GSE87748,human,GSE87748,35,ANKRD1,0.04638167,Hypoxia,0.17207187
human_GSE87748,human,GSE87748,36,ZC3H12A,0.046354093,Coagulation,0.14356118
human_GSE87748,human,GSE87748,37,STXBP2,0.046290405,IL-6/JAK/STAT3 Signaling,-0.17151454
human_GSE87748,human,GSE87748,38,AQP9,0.045851428,Adipogenesis,-0.17736837
human_GSE87748,human,GSE87748,39,CA8,0.045669302,Xenobiotic Metabolism,0.1858548
human_GSE87748,human,GSE87748,40,SLC16A6,0.045061138,Allograft Rejection,-0.16067877
human_GSE87748,human,GSE87748,41,PIK3R3,0.044876277,Adipogenesis,0.18256086
human_GSE87748,human,GSE87748,42,PLEKHG1,0.044613812,UV Response Dn,0.24331135
human_GSE87748,human,GSE87748,43,FZD7,0.043507643,Androgen Response,-0.21411794
human_GSE87748,human,GSE87748,44,SLCO2A1,0.04326384,Androgen Response,-0.13055986
human_GSE87748,human,GSE87748,45,FJX1,0.043111544,Complement,0.15477487
human_GSE87748,human,GSE87748,46,KCNE4,0.042948082,Unfolded Protein Response,-0.21282232
human_GSE87748,human,GSE87748,47,CDCA7L,0.042572852,UV Response Up,0.19031304
human_GSE87748,human,GSE87748,48,APOLD1,0.041779146,Adipogenesis,0.19381869
human_GSE87748,human,GSE87748,49,MAFF,0.041310534,Adipogenesis,-0.20575671
human_GSE87748,human,GSE87748,50,KCNA5,0.041138496,Apoptosis,0.19645971
human_GSE87748,human,GSE87748,51,DACH1,0.040960163,KRAS Signaling Up,-0.24705333
human_GSE87748,human,GSE87748,52,AQP3,0.04040828,Complement,0.13651472
human_GSE87748,human,GSE87748,53,ESR1,0.04018238,Protein Secretion,0.14451097
human_GSE87748,human,GSE87748,54,SOX18,0.03988659,Adipogenesis,0.19041896
human_GSE87748,human,GSE87748,55,LONRF3,0.039313063,heme Metabolism,0.15259084
human_GSE87748,human,GSE87748,56,KY,0.039234925,Mitotic Spindle,-0.24263251
human_GSE87748,human,GSE87748,57,GDNF,0.03908547,Androgen Response,-0.1527572
human_GSE87748,human,GSE87748,58,INHBE,0.03893056,Complement,0.15106714
human_GSE87748,human,GSE87748,59,ARL4A,0.038904376,Myc Targets V2,-0.20331538
human_GSE87748,human,GSE87748,60,HABP2,0.038463864,heme Metabolism,-0.1307219
human_GSE87748,human,GSE87748,61,CHAC1,0.03824936,TNF-alpha Signaling via NF-kB,-0.15625766
human_GSE87748,human,GSE87748,62,UBD,0.03824363,Pperoxisome,0.1535964
human_GSE87748,human,GSE87748,63,A2M,0.038207915,Inflammatory Response,0.21436718
human_GSE87748,human,GSE87748,64,STC2,0.038176306,Inflammatory Response,-0.15747193
human_GSE87748,human,GSE87748,65,FRMPD1,0.03800692,Pperoxisome,0.1524835
human_GSE87748,human,GSE87748,66,ID1,0.038004585,Adipogenesis,0.1918712
human_GSE87748,human,GSE87748,67,RASL11B,0.037898105,Oxidative Phosphorylation,0.14448419
human_GSE87748,human,GSE87748,68,RUNX1,0.03787162,Epithelial Mesenchymal Transition,-0.12802666
human_GSE87748,human,GSE87748,69,TFPI2,0.037796482,Interferon Alpha Response,0.13258992
human_GSE87748,human,GSE87748,70,SNAI2,0.037753172,Epithelial Mesenchymal Transition,0.1228205
human_GSE87748,human,GSE87748,71,F3,0.037718702,Xenobiotic Metabolism,0.120571434
human_GSE87748,human,GSE87748,72,NTF3,0.037559655,Estrogen Response Late,-0.11559594
human_GSE87748,human,GSE87748,73,MCF2L,0.03726827,Adipogenesis,0.19553566
human_GSE87748,human,GSE87748,74,ADRA2B,0.037149824,heme Metabolism,0.16047087
human_GSE87748,human,GSE87748,75,GADD45B,0.037122514,Cholesterol Homeostasis,0.1738428
human_GSE87748,human,GSE87748,76,STON1,0.036638428,Coagulation,-0.16928262
human_GSE87748,human,GSE87748,77,MYC,0.03629759,Estrogen Response Early,0.1346018
human_GSE87748,human,GSE87748,78,CIDEB,0.03612586,Fatty Acid Metabolism,0.16102341
human_GSE87748,human,GSE87748,79,BMP2,0.036099046,Estrogen Response Late,-0.16826841
human_GSE87748,human,GSE87748,80,KCNMB4,0.036089003,Inflammatory Response,0.16422063
human_GSE87748,human,GSE87748,81,FPR1,0.03606402,Allograft Rejection,-0.13156834
human_GSE87748,human,GSE87748,82,FOXC1,0.036011863,Apoptosis,-0.13141868
human_GSE87748,human,GSE87748,83,HMOX1,0.03563413,Cholesterol Homeostasis,-0.12685603
human_GSE87748,human,GSE87748,84,CDC42EP1,0.035619315,Apical Junction,0.13307464
human_GSE87748,human,GSE87748,85,PIK3IP1,0.035330575,Apoptosis,0.13633728
human_GSE87748,human,GSE87748,86,NPTX2,0.0353248,Epithelial Mesenchymal Transition,-0.19204438
human_GSE87748,human,GSE87748,87,INHBB,0.03528927,TNF-alpha Signaling via NF-kB,-0.12915847
human_GSE87748,human,GSE87748,88,DYRK2,0.035261497,Notch Signaling,0.18833464
human_GSE87748,human,GSE87748,89,MMP7,0.03500201,Allograft Rejection,0.122513205
human_GSE87748,human,GSE87748,90,CSGALNACT1,0.034623623,Interferon Gamma Response,-0.15218806
human_GSE87748,human,GSE87748,91,CALB2,0.034373943,UV Response Dn,0.13516673
human_GSE87748,human,GSE87748,92,NEURL1B,0.03433335,Bile Acid Metabolism,0.15101123
human_GSE87748,human,GSE87748,93,KCNK2,0.03403817,Estrogen Response Late,0.11745888
human_GSE87748,human,GSE87748,94,SLC10A6,0.033795442,Apoptosis,0.12909967
human_GSE87748,human,GSE87748,95,LDLR,0.033746,Pperoxisome,0.15413648
human_GSE87748,human,GSE87748,96,TENT5B,0.033662558,UV Response Dn,-0.1717394
human_GSE87748,human,GSE87748,97,ATF3,0.03341212,Myogenesis,0.12497309
human_GSE87748,human,GSE87748,98,C1QTNF5,0.033111684,heme Metabolism,0.11777419
human_GSE87748,human,GSE87748,99,CRACDL,0.0330818,p53 Pathway,-0.21787462
human_GSE87748,human,GSE87748,100,SLC43A3,0.032975852,Adipogenesis,0.13432986
mouse_GSE126962,mouse,GSE126962,1,MT1X,0.13943388,Interferon Gamma Response,0.5456307
mouse_GSE126962,mouse,GSE126962,2,SNURF,0.08058386,Bile Acid Metabolism,-0.43241847
mouse_GSE126962,mouse,GSE126962,3,CTHRC1,0.07832458,Apoptosis,0.33673126
mouse_GSE126962,mouse,GSE126962,4,SLC25A25,0.06990097,UV Response Dn,0.26148868
mouse_GSE126962,mouse,GSE126962,5,KRT15,0.06691902,Coagulation,0.35594738
mouse_GSE126962,mouse,GSE126962,6,ACTC1,0.0668935,KRAS Signaling Dn,0.30255997
mouse_GSE126962,mouse,GSE126962,7,PRCD,0.06452025,KRAS Signaling Up,-0.2855442
mouse_GSE126962,mouse,GSE126962,8,CLDN9,0.06370696,Xenobiotic Metabolism,0.29445451
mouse_GSE126962,mouse,GSE126962,9,GDF15,0.060940642,PI3K/AKT/mTOR  Signaling,0.19341019
mouse_GSE126962,mouse,GSE126962,10,ATF3,0.06053167,Allograft Rejection,0.2124415
mouse_GSE126962,mouse,GSE126962,11,CCL7,0.060276642,Myogenesis,-0.24071068
mouse_GSE126962,mouse,GSE126962,12,TNF,0.059084896,Interferon Alpha Response,0.28619736
mouse_GSE126962,mouse,GSE126962,13,RNF39,0.05696183,Coagulation,-0.22226034
mouse_GSE126962,mouse,GSE126962,14,CITED1,0.053988047,Adipogenesis,-0.22312832
mouse_GSE126962,mouse,GSE126962,15,ALOX15,0.05370089,heme Metabolism,-0.2233715
mouse_GSE126962,mouse,GSE126962,16,ANKRD1,0.053509988,Apical Junction,0.19919813
mouse_GSE126962,mouse,GSE126962,17,LRRC31,0.053068865,Fatty Acid Metabolism,-0.30930364
mouse_GSE126962,mouse,GSE126962,18,SCIMP,0.052942995,KRAS Signaling Up,-0.28332344
mouse_GSE126962,mouse,GSE126962,19,PTGDS,0.052040976,Complement,0.19729018
mouse_GSE126962,mouse,GSE126962,20,KCNE4,0.05046574,Unfolded Protein Response,-0.17060488
mouse_GSE126962,mouse,GSE126962,21,SERPINA9,0.04970386,KRAS Signaling Up,-0.17619044
mouse_GSE126962,mouse,GSE126962,22,ETNK2,0.048372287,Fatty Acid Metabolism,0.23287341
mouse_GSE126962,mouse,GSE126962,23,COX6B2,0.046604842,KRAS Signaling Up,0.2684181
mouse_GSE126962,mouse,GSE126962,24,CSTL1,0.046537586,Spermatogenesis,0.2364296
mouse_GSE126962,mouse,GSE126962,25,MPZL2,0.046492055,Apoptosis,0.19641483
mouse_GSE126962,mouse,GSE126962,26,CX3CL1,0.04613267,Apoptosis,0.15817851
mouse_GSE126962,mouse,GSE126962,27,NR4A2,0.04593681,KRAS Signaling Up,-0.2111116
mouse_GSE126962,mouse,GSE126962,28,EGR3,0.045891866,Estrogen Response Early,-0.262546
mouse_GSE126962,mouse,GSE126962,29,RASL10A,0.04585378,Adipogenesis,-0.21350402
mouse_GSE126962,mouse,GSE126962,30,DDC,0.04541705,heme Metabolism,0.17690045
mouse_GSE126962,mouse,GSE126962,31,KLK8,0.04529169,Coagulation,-0.18292643
mouse_GSE126962,mouse,GSE126962,32,ADRB2,0.045177788,Apoptosis,-0.18449008
mouse_GSE126962,mouse,GSE126962,33,NPPA,0.0449137,Apical Junction,0.15029973
mouse_GSE126962,mouse,GSE126962,34,NRGN,0.044650905,Complement,0.20312795
mouse_GSE126962,mouse,GSE126962,35,TNFRSF17,0.04339215,Allograft Rejection,0.21894449
mouse_GSE126962,mouse,GSE126962,36,APBB1IP,0.04243856,Allograft Rejection,0.23059636
mouse_GSE126962,mouse,GSE126962,37,IFI30,0.04242402,IL-6/JAK/STAT3 Signaling,-0.18858784
mouse_GSE126962,mouse,GSE126962,38,FLYWCH2,0.042262316,KRAS Signaling Dn,-0.2081495
mouse_GSE126962,mouse,GSE126962,39,TM6SF2,0.04190945,Xenobiotic Metabolism,0.19723266
mouse_GSE126962,mouse,GSE126962,40,IL12RB2,0.04182922,Interferon Gamma Response,-0.20228404
mouse_GSE126962,mouse,GSE126962,41,DEFB124,0.04153872,Inflammatory Response,0.17610216
mouse_GSE126962,mouse,GSE126962,42,MAPK11,0.041533567,IL-2/STAT5 Signaling,-0.20570067
mouse_GSE126962,mouse,GSE126962,43,PCYOX1L,0.041353513,Myc Targets V2,0.20092297
mouse_GSE126962,mouse,GSE126962,44,SOSTDC1,0.041288577,Adipogenesis,-0.14951777
mouse_GSE126962,mouse,GSE126962,45,TMEM98,0.0412653,Glycolysis,-0.20554033
mouse_GSE126962,mouse,GSE126962,46,STAC,0.040940937,Xenobiotic Metabolism,-0.17472571
mouse_GSE126962,mouse,GSE126962,47,CDKN1A,0.040938593,heme Metabolism,0.13646752
mouse_GSE126962,mouse,GSE126962,48,ELOVL3,0.040707074,Pancreas Beta Cells,0.20142257
mouse_GSE126962,mouse,GSE126962,49,CHAC1,0.040666398,Adipogenesis,0.1821853
mouse_GSE126962,mouse,GSE126962,50,MAFB,0.04010727,TNF-alpha Signaling via NF-kB,-0.14469063
mouse_GSE126962,mouse,GSE126962,51,REC114,0.04007877,Coagulation,0.19801217
mouse_GSE126962,mouse,GSE126962,52,SLPI,0.03990254,UV Response Dn,0.1923399
mouse_GSE126962,mouse,GSE126962,53,FGF16,0.039789084,heme Metabolism,-0.19000205
mouse_GSE126962,mouse,GSE126962,54,ZNF385C,0.03956664,Complement,-0.17193931
mouse_GSE126962,mouse,GSE126962,55,FABP7,0.03881844,KRAS Signaling Up,0.19854152
mouse_GSE126962,mouse,GSE126962,56,PGLYRP1,0.03863471,Androgen Response,-0.13511842
mouse_GSE126962,mouse,GSE126962,57,SNAI2,0.03853965,Wnt-beta Catenin Signaling,0.21158402
mouse_GSE126962,mouse,GSE126962,58,GATA3,0.03833911,Adipogenesis,-0.13292935
mouse_GSE126962,mouse,GSE126962,59,LEP,0.038308244,Inflammatory Response,-0.14074132
mouse_GSE126962,mouse,GSE126962,60,CYP26B1,0.03798013,Apical Surface,0.14874434
mouse_GSE126962,mouse,GSE126962,61,EMX2,0.037859537,Pperoxisome,0.16429786
mouse_GSE126962,mouse,GSE126962,62,COL17A1,0.037614074,Hedgehog Signaling,-0.15548164
mouse_GSE126962,mouse,GSE126962,63,NIBAN3,0.037579946,heme Metabolism,0.22019342
mouse_GSE126962,mouse,GSE126962,64,ECE2,0.037204005,Complement,-0.23932904
mouse_GSE126962,mouse,GSE126962,65,FXYD7,0.03713634,Pancreas Beta Cells,0.1706849
mouse_GSE126962,mouse,GSE126962,66,CD79A,0.036964264,Inflammatory Response,0.193043
mouse_GSE126962,mouse,GSE126962,67,MUSTN1,0.036893576,Estrogen Response Late,0.12964344
mouse_GSE126962,mouse,GSE126962,68,DEPP1,0.036615394,IL-2/STAT5 Signaling,-0.1274674
mouse_GSE126962,mouse,GSE126962,69,UPP1,0.03660902,p53 Pathway,0.14425606
mouse_GSE126962,mouse,GSE126962,70,DERL3,0.036583897,IL-2/STAT5 Signaling,0.14126039
mouse_GSE126962,mouse,GSE126962,71,PGF,0.03644765,Myogenesis,-0.19684535
mouse_GSE126962,mouse,GSE126962,72,CATSPER4,0.036222376,heme Metabolism,-0.18720913
mouse_GSE126962,mouse,GSE126962,73,GRP,0.03615395,Spermatogenesis,0.19719264
mouse_GSE126962,mouse,GSE126962,74,COL26A1,0.036126528,Adipogenesis,0.1774594
mouse_GSE126962,mouse,GSE126962,75,TSHB,0.036002766,Complement,-0.16328162
mouse_GSE126962,mouse,GSE126962,76,GDF1,0.035831053,Allograft Rejection,0.24810652
mouse_GSE126962,mouse,GSE126962,77,PGLYRP3,0.035770625,Apical Surface,-0.16348174
mouse_GSE126962,mouse,GSE126962,78,CSRP3,0.035662573,Glycolysis,0.13863713
mouse_GSE126962,mouse,GSE126962,79,ERP27,0.035303894,Pperoxisome,-0.2478742
mouse_GSE126962,mouse,GSE126962,80,CAPSL,0.035278134,p53 Pathway,-0.20589069
mouse_GSE126962,mouse,GSE126962,81,RASL11B,0.035274938,Androgen Response,0.1401825
mouse_GSE126962,mouse,GSE126962,82,S1PR5,0.03524952,Apoptosis,0.1500808
mouse_GSE126962,mouse,GSE126962,83,APOLD1,0.035232775,Epithelial Mesenchymal Transition,0.15371463
mouse_GSE126962,mouse,GSE126962,84,MARCKSL1,0.035189427,Estrogen Response Late,0.12190831
mouse_GSE126962,mouse,GSE126962,85,TMEM150C,0.034927692,IL-2/STAT5 Signaling,-0.1483095
mouse_GSE126962,mouse,GSE126962,86,FKBP2,0.03490146,DNA Repair,0.14590669
mouse_GSE126962,mouse,GSE126962,87,AFF2,0.034851324,Estrogen Response Late,-0.16327322
mouse_GSE126962,mouse,GSE126962,88,TMEM200C,0.034740124,heme Metabolism,-0.22896358
mouse_GSE126962,mouse,GSE126962,89,CLEC1B,0.034686074,IL-6/JAK/STAT3 Signaling,0.13751537
mouse_GSE126962,mouse,GSE126962,90,HS3ST1,0.034677092,Adipogenesis,0.17981493
mouse_GSE126962,mouse,GSE126962,91,NANOS3,0.034401603,Allograft Rejection,-0.22052097
mouse_GSE126962,mouse,GSE126962,92,IFRD1,0.03433108,Apoptosis,-0.1193396
mouse_GSE126962,mouse,GSE126962,93,PTGER4,0.034149617,UV Response Dn,0.13001627
mouse_GSE126962,mouse,GSE126962,94,ASTN2,0.034067832,Epithelial Mesenchymal Transition,-0.13326848
mouse_GSE126962,mouse,GSE126962,95,TMEM171,0.03401306,Glycolysis,-0.15247282
mouse_GSE126962,mouse,GSE126962,96,SLC15A2,0.033908315,heme Metabolism,0.20169556
mouse_GSE126962,mouse,GSE126962,97,SCG5,0.033584286,Hypoxia,-0.12139708
mouse_GSE126962,mouse,GSE126962,98,GAPDHS,0.0328495,Spermatogenesis,-0.20833588
mouse_GSE126962,mouse,GSE126962,99,GLDN,0.032833822,Interferon Gamma Response,-0.17040747
mouse_GSE126962,mouse,GSE126962,100,ADAM8,0.03281893,Inflammatory Response,-0.11178696
mouse_GSE132520,mouse,GSE132520,1,NR4A3,0.13537253,Complement,-0.5977101
mouse_GSE132520,mouse,GSE132520,2,ATF3,0.12974425,Myogenesis,0.4415258
mouse_GSE132520,mouse,GSE132520,3,CGREF1,0.10225016,Myogenesis,0.42843407
mouse_GSE132520,mouse,GSE132520,4,MT1X,0.09567297,Interferon Gamma Response,0.3789045
mouse_GSE132520,mouse,GSE132520,5,RCAN1,0.08924445,Inflammatory Response,0.38158447
mouse_GSE132520,mouse,GSE132520,6,RRAD,0.08314892,Mitotic Spindle,0.30578864
mouse_GSE132520,mouse,GSE132520,7,OTUD1,0.08271651,Allograft Rejection,0.2557702
mouse_GSE132520,mouse,GSE132520,8,PPARGC1A,0.08089381,Adipogenesis,-0.304681
mouse_GSE132520,mouse,GSE132520,9,CSRP3,0.08075816,Glycolysis,0.49570227
mouse_GSE132520,mouse,GSE132520,10,ANKRD1,0.07839273,Apical Junction,0.2688793
mouse_GSE132520,mouse,GSE132520,11,BTG2,0.073961,Adipogenesis,-0.2634179
mouse_GSE132520,mouse,GSE132520,12,SRXN1,0.07257548,Adipogenesis,-0.3029434
mouse_GSE132520,mouse,GSE132520,13,HBEGF,0.07166496,heme Metabolism,-0.21408877
mouse_GSE132520,mouse,GSE132520,14,TRIM63,0.07044325,Estrogen Response Late,-0.24811912
mouse_GSE132520,mouse,GSE132520,15,HSPB1,0.06711635,UV Response Up,0.2249949
mouse_GSE132520,mouse,GSE132520,16,MUSTN1,0.06543491,heme Metabolism,-0.2585191
mouse_GSE132520,mouse,GSE132520,17,EGR1,0.06216097,Estrogen Response Late,0.2976653
mouse_GSE132520,mouse,GSE132520,18,KLRD1,0.0603328,heme Metabolism,0.2455542
mouse_GSE132520,mouse,GSE132520,19,PLK3,0.05991168,KRAS Signaling Up,-0.19500494
mouse_GSE132520,mouse,GSE132520,20,MAP3K8,0.05783844,Estrogen Response Early,0.2617865
mouse_GSE132520,mouse,GSE132520,21,FOSB,0.05712758,Adipogenesis,0.27279645
mouse_GSE132520,mouse,GSE132520,22,RETREG1,0.056613456,UV Response Dn,-0.21940345
mouse_GSE132520,mouse,GSE132520,23,DUSP5,0.05658076,Apoptosis,0.22797787
mouse_GSE132520,mouse,GSE132520,24,C5AR1,0.056489695,heme Metabolism,-0.3406898
mouse_GSE132520,mouse,GSE132520,25,ENAH,0.056165025,mTORC1 Signaling,0.32567638
mouse_GSE132520,mouse,GSE132520,26,KLF10,0.05538412,Epithelial Mesenchymal Transition,-0.24488907
mouse_GSE132520,mouse,GSE132520,27,XIRP1,0.055363152,Glycolysis,0.18658726
mouse_GSE132520,mouse,GSE132520,28,KLHL40,0.05525076,Xenobiotic Metabolism,-0.22180691
mouse_GSE132520,mouse,GSE132520,29,ARHGAP26,0.05339245,Apoptosis,0.20493731
mouse_GSE132520,mouse,GSE132520,30,TFPI2,0.0531526,Glycolysis,0.229837
mouse_GSE132520,mouse,GSE132520,31,PLK2,0.052475795,Allograft Rejection,0.18254367
mouse_GSE132520,mouse,GSE132520,32,IFRD1,0.05130473,Apoptosis,-0.18076323
mouse_GSE132520,mouse,GSE132520,33,CYP1B1,0.050835054,Protein Secretion,0.16737217
mouse_GSE132520,mouse,GSE132520,34,EDN1,0.050716665,Myogenesis,0.16320476
mouse_GSE132520,mouse,GSE132520,35,RASSF4,0.0483207,heme Metabolism,-0.24280077
mouse_GSE132520,mouse,GSE132520,36,CCL24,0.04813498,Adipogenesis,-0.20988011
mouse_GSE132520,mouse,GSE132520,37,PRKAG2,0.04805854,p53 Pathway,0.27607659
mouse_GSE132520,mouse,GSE132520,38,LAMC2,0.047741372,Angiogenesis,0.24233592
mouse_GSE132520,mouse,GSE132520,39,TINAGL1,0.04767676,Epithelial Mesenchymal Transition,-0.12858412
mouse_GSE132520,mouse,GSE132520,40,MEDAG,0.04719876,Complement,-0.15793037
mouse_GSE132520,mouse,GSE132520,41,PID1,0.04705209,Wnt-beta Catenin Signaling,0.15952635
mouse_GSE132520,mouse,GSE132520,42,APBB1IP,0.046789914,Allograft Rejection,-0.25440797
mouse_GSE132520,mouse,GSE132520,43,SLC38A2,0.046508066,Adipogenesis,-0.29051796
mouse_GSE132520,mouse,GSE132520,44,ANKRD33B,0.044538427,Complement,-0.17685264
mouse_GSE132520,mouse,GSE132520,45,F3,0.044081956,Interferon Gamma Response,-0.16953218
mouse_GSE132520,mouse,GSE132520,46,RNF115,0.043979973,Adipogenesis,-0.22958314
mouse_GSE132520,mouse,GSE132520,47,LMCD1,0.04393184,Inflammatory Response,-0.17947733
mouse_GSE132520,mouse,GSE132520,48,ANKRD2,0.043342914,Glycolysis,0.18455166
mouse_GSE132520,mouse,GSE132520,49,CBR3,0.0433346,KRAS Signaling Up,0.16301292
mouse_GSE132520,mouse,GSE132520,50,CXXC5,0.043132763,Wnt-beta Catenin Signaling,-0.20252407
mouse_GSE132520,mouse,GSE132520,51,KLF5,0.04297734,Wnt-beta Catenin Signaling,0.18264757
mouse_GSE132520,mouse,GSE132520,52,SIK1,0.042854775,Myogenesis,0.16096395
mouse_GSE132520,mouse,GSE132520,53,MYC,0.042579185,p53 Pathway,-0.21741608
mouse_GSE132520,mouse,GSE132520,54,MIDN,0.042465232,TNF-alpha Signaling via NF-kB,-0.2195841
mouse_GSE132520,mouse,GSE132520,55,DAPK1,0.04209992,Adipogenesis,-0.13965368
mouse_GSE132520,mouse,GSE132520,56,UBC,0.042088978,Xenobiotic Metabolism,-0.13799769
mouse_GSE132520,mouse,GSE132520,57,FAM110B,0.041938785,Estrogen Response Early,0.27319944
mouse_GSE132520,mouse,GSE132520,58,GDA,0.041270517,Adipogenesis,-0.150334
mouse_GSE132520,mouse,GSE132520,59,MAFK,0.040881567,Estrogen Response Late,0.13569775
mouse_GSE132520,mouse,GSE132520,60,SPOCK2,0.040718812,Pancreas Beta Cells,0.13811046
mouse_GSE132520,mouse,GSE132520,61,ITIH2,0.04063225,Coagulation,0.1673722
mouse_GSE132520,mouse,GSE132520,62,DUSP2,0.04054352,Apoptosis,0.19502306
mouse_GSE132520,mouse,GSE132520,63,GABARAPL1,0.040473577,Adipogenesis,-0.18557623
mouse_GSE132520,mouse,GSE132520,64,CYP2F1,0.040353265,Androgen Response,0.23522428
mouse_GSE132520,mouse,GSE132520,65,MEOX1,0.04031792,Adipogenesis,-0.15778294
mouse_GSE132520,mouse,GSE132520,66,CXCL10,0.04010006,UV Response Up,0.16678709
mouse_GSE132520,mouse,GSE132520,67,LGALS3,0.03981888,Allograft Rejection,-0.18383148
mouse_GSE132520,mouse,GSE132520,68,MARCKSL1,0.039807055,Spermatogenesis,-0.14222711
mouse_GSE132520,mouse,GSE132520,69,TIGIT,0.039655503,Androgen Response,-0.19115594
mouse_GSE132520,mouse,GSE132520,70,TENT5A,0.03956798,IL-6/JAK/STAT3 Signaling,-0.17925632
mouse_GSE132520,mouse,GSE132520,71,AGT,0.039315008,UV Response Up,0.18100403
mouse_GSE132520,mouse,GSE132520,72,FOSL1,0.03924926,IL-6/JAK/STAT3 Signaling,-0.1705147
mouse_GSE132520,mouse,GSE132520,73,PDK4,0.038885176,p53 Pathway,-0.14428139
mouse_GSE132520,mouse,GSE132520,74,ARC,0.038873542,Estrogen Response Late,0.12940234
mouse_GSE132520,mouse,GSE132520,75,LCP1,0.03840523,Apoptosis,-0.20472372
mouse_GSE132520,mouse,GSE132520,76,RGS2,0.038188815,Adipogenesis,-0.18518865
mouse_GSE132520,mouse,GSE132520,77,ADH7,0.037987616,Reactive Oxygen Species Pathway,0.14412034
mouse_GSE132520,mouse,GSE132520,78,LGALS2,0.037812836,Spermatogenesis,-0.20238847
mouse_GSE132520,mouse,GSE132520,79,SHOX2,0.03760601,heme Metabolism,-0.1549072
mouse_GSE132520,mouse,GSE132520,80,CSRNP1,0.0374007,IL-2/STAT5 Signaling,-0.11835605
mouse_GSE132520,mouse,GSE132520,81,TMEM140,0.03704342,Coagulation,0.1257847
mouse_GSE132520,mouse,GSE132520,82,MOGAT1,0.036877017,Oxidative Phosphorylation,-0.18930858
mouse_GSE132520,mouse,GSE132520,83,COTL1,0.036810704,Apoptosis,0.11815494
mouse_GSE132520,mouse,GSE132520,84,SLC11A1,0.036773443,Apoptosis,-0.12335178
mouse_GSE132520,mouse,GSE132520,85,PLAC8,0.036624234,p53 Pathway,0.1269241
mouse_GSE132520,mouse,GSE132520,86,UPP1,0.03661079,Xenobiotic Metabolism,-0.12374163
mouse_GSE132520,mouse,GSE132520,87,JAZF1,0.036538884,UV Response Up,-0.14821821
mouse_GSE132520,mouse,GSE132520,88,FASN,0.036230445,Androgen Response,-0.14839026
mouse_GSE132520,mouse,GSE132520,89,ARRDC2,0.036034003,Oxidative Phosphorylation,-0.16979301
mouse_GSE132520,mouse,GSE132520,90,SH3BP2,0.035900973,Apoptosis,-0.15398791
mouse_GSE132520,mouse,GSE132520,91,DENND2C,0.035869464,Epithelial Mesenchymal Transition,0.19021124
mouse_GSE132520,mouse,GSE132520,92,TRIB1,0.035706945,KRAS Signaling Dn,0.13335189
mouse_GSE132520,mouse,GSE132520,93,HSPB7,0.035674512,Bile Acid Metabolism,-0.16151369
mouse_GSE132520,mouse,GSE132520,94,FGF1,0.035594217,IL-2/STAT5 Signaling,0.12720704
mouse_GSE132520,mouse,GSE132520,95,PTHLH,0.03551055,Myogenesis,0.14068902
mouse_GSE132520,mouse,GSE132520,96,IGF2BP2,0.035431962,TGF-beta Signaling,-0.1546841
mouse_GSE132520,mouse,GSE132520,97,ANGPTL7,0.035405368,Coagulation,-0.13259402
mouse_GSE132520,mouse,GSE132520,98,FGF16,0.03533544,heme Metabolism,-0.13855672
mouse_GSE132520,mouse,GSE132520,99,DNAJB1,0.03526038,p53 Pathway,-0.20061505
mouse_GSE132520,mouse,GSE132520,100,PENK,0.035112184,Adipogenesis,-0.17828923
mouse_GSE97718,mouse,GSE97718,1,KRT14,0.105275415,UV Response Dn,0.4562813
mouse_GSE97718,mouse,GSE97718,2,KRT16,0.10284055,Spermatogenesis,-0.5949011
mouse_GSE97718,mouse,GSE97718,3,LY6D,0.09780004,Inflammatory Response,-0.4138544
mouse_GSE97718,mouse,GSE97718,4,CYP2F1,0.090974905,Androgen Response,-0.36618677
mouse_GSE97718,mouse,GSE97718,5,LEP,0.076399855,Inflammatory Response,-0.30973488
mouse_GSE97718,mouse,GSE97718,6,LY6G6D,0.07385485,Reactive Oxygen Species Pathway,-0.41836232
mouse_GSE97718,mouse,GSE97718,7,RAB15,0.07330917,Coagulation,0.34338486
mouse_GSE97718,mouse,GSE97718,8,MT1X,0.072183736,Interferon Gamma Response,-0.27292967
mouse_GSE97718,mouse,GSE97718,9,CYP2E1,0.069695145,Interferon Alpha Response,-0.24590802
mouse_GSE97718,mouse,GSE97718,10,NPPC,0.060117766,Reactive Oxygen Species Pathway,-0.2955361
mouse_GSE97718,mouse,GSE97718,11,FASN,0.05901157,UV Response Dn,-0.28866816
mouse_GSE97718,mouse,GSE97718,12,PON1,0.055921353,Fatty Acid Metabolism,0.23872039
mouse_GSE97718,mouse,GSE97718,13,BEX3,0.0555215,Adipogenesis,0.23102134
mouse_GSE97718,mouse,GSE97718,14,KRT17,0.05482883,Hypoxia,-0.26115912
mouse_GSE97718,mouse,GSE97718,15,TRIM21,0.05439583,Allograft Rejection,0.24717607
mouse_GSE97718,mouse,GSE97718,16,PLAC8,0.05233036,Hypoxia,0.22767195
mouse_GSE97718,mouse,GSE97718,17,SLC9A4,0.05215553,UV Response Up,0.23694356
mouse_GSE97718,mouse,GSE97718,18,AACS,0.05043311,Xenobiotic Metabolism,0.19393295
mouse_GSE97718,mouse,GSE97718,19,MIA,0.05032243,Allograft Rejection,0.23692626
mouse_GSE97718,mouse,GSE97718,20,FAM107A,0.049861163,TNF-alpha Signaling via NF-kB,-0.1843413
mouse_GSE97718,mouse,GSE97718,21,EPHX4,0.048899364,heme Metabolism,-0.20247483
mouse_GSE97718,mouse,GSE97718,22,TPH1,0.048834115,KRAS Signaling Up,0.17575574
mouse_GSE97718,mouse,GSE97718,23,KRTAP7-1,0.04839583,IL-2/STAT5 Signaling,-0.2235533
mouse_GSE97718,mouse,GSE97718,24,CISH,0.047483012,IL-6/JAK/STAT3 Signaling,-0.19578612
mouse_GSE97718,mouse,GSE97718,25,UBD,0.045157135,IL-2/STAT5 Signaling,0.19376677
mouse_GSE97718,mouse,GSE97718,26,ACSM3,0.04505061,Pperoxisome,0.18219164
mouse_GSE97718,mouse,GSE97718,27,RNF39,0.043491773,Coagulation,-0.15193328
mouse_GSE97718,mouse,GSE97718,28,HEPACAM2,0.043222148,Protein Secretion,0.18369773
mouse_GSE97718,mouse,GSE97718,29,SULT1E1,0.04263991,Pperoxisome,0.21684042
mouse_GSE97718,mouse,GSE97718,30,KRT27,0.042531095,Spermatogenesis,-0.29970828
mouse_GSE97718,mouse,GSE97718,31,CDA,0.042382997,Apoptosis,-0.20057476
mouse_GSE97718,mouse,GSE97718,32,STK26,0.0420223,Interferon Gamma Response,-0.18157399
mouse_GSE97718,mouse,GSE97718,33,SMPD3,0.04111104,Adipogenesis,0.1784612
mouse_GSE97718,mouse,GSE97718,34,PFKFB3,0.04099119,Myogenesis,0.16992515
mouse_GSE97718,mouse,GSE97718,35,CFD,0.040764395,heme Metabolism,0.11677694
mouse_GSE97718,mouse,GSE97718,36,NT5DC2,0.040113155,Myc Targets V1,-0.19635513
mouse_GSE97718,mouse,GSE97718,37,SLC25A1,0.03987748,Estrogen Response Late,-0.158988
mouse_GSE97718,mouse,GSE97718,38,NR4A3,0.03945689,UV Response Up,0.13376069
mouse_GSE97718,mouse,GSE97718,39,ALDH1A2,0.03906416,Adipogenesis,0.124157965
mouse_GSE97718,mouse,GSE97718,40,RIPPLY3,0.038849533,Estrogen Response Early,0.16220349
mouse_GSE97718,mouse,GSE97718,41,KRT25,0.038710847,Estrogen Response Late,0.2396838
mouse_GSE97718,mouse,GSE97718,42,NOG,0.038393922,KRAS Signaling Up,-0.19266474
mouse_GSE97718,mouse,GSE97718,43,LYPLAL1,0.03820011,Fatty Acid Metabolism,0.16558576
mouse_GSE97718,mouse,GSE97718,44,SPON2,0.038169254,Adipogenesis,0.14074802
mouse_GSE97718,mouse,GSE97718,45,PERP,0.03792655,UV Response Dn,0.1232577
mouse_GSE97718,mouse,GSE97718,46,PLIN5,0.03695544,Coagulation,0.16141237
mouse_GSE97718,mouse,GSE97718,47,PRR9,0.0366505,Apical Surface,0.1658194
mouse_GSE97718,mouse,GSE97718,48,PGF,0.0364503,Myogenesis,-0.1895248
mouse_GSE97718,mouse,GSE97718,49,FLVCR2,0.03632096,Inflammatory Response,-0.15352821
mouse_GSE97718,mouse,GSE97718,50,TRARG1,0.035852972,IL-2/STAT5 Signaling,0.12623364
mouse_GSE97718,mouse,GSE97718,51,SLC25A34,0.03573983,Pperoxisome,-0.15256172
mouse_GSE97718,mouse,GSE97718,52,TMEM171,0.03568145,Allograft Rejection,-0.1519271
mouse_GSE97718,mouse,GSE97718,53,NIBAN3,0.035631046,heme Metabolism,-0.20481479
mouse_GSE97718,mouse,GSE97718,54,ADRB3,0.035496578,Interferon Gamma Response,-0.15239191
mouse_GSE97718,mouse,GSE97718,55,KRTAP8-1,0.035478815,Estrogen Response Late,0.14620927
mouse_GSE97718,mouse,GSE97718,56,CNFN,0.035281766,Reactive Oxygen Species Pathway,-0.13146809
mouse_GSE97718,mouse,GSE97718,57,PI4K2B,0.03521389,Complement,-0.15013087
mouse_GSE97718,mouse,GSE97718,58,LINGO3,0.03501788,Estrogen Response Late,0.1762225
mouse_GSE97718,mouse,GSE97718,59,TKFC,0.03486939,Adipogenesis,0.19850859
mouse_GSE97718,mouse,GSE97718,60,FGF1,0.034831,IL-2/STAT5 Signaling,0.15179044
mouse_GSE97718,mouse,GSE97718,61,CHRNA2,0.034708533,Bile Acid Metabolism,-0.21724483
mouse_GSE97718,mouse,GSE97718,62,SNURF,0.034609478,Bile Acid Metabolism,0.17040792
mouse_GSE97718,mouse,GSE97718,63,DNAI1,0.034591366,Estrogen Response Late,0.19029593
mouse_GSE97718,mouse,GSE97718,64,NPR3,0.034553792,Estrogen Response Early,0.13840148
mouse_GSE97718,mouse,GSE97718,65,SELP,0.034453865,TGF-beta Signaling,0.16912328
mouse_GSE97718,mouse,GSE97718,66,PYGL,0.034389608,Allograft Rejection,0.10877097
mouse_GSE97718,mouse,GSE97718,67,CYP26A1,0.034220397,Adipogenesis,-0.1448763
mouse_GSE97718,mouse,GSE97718,68,COLEC11,0.033871196,TGF-beta Signaling,0.13196254
mouse_GSE97718,mouse,GSE97718,69,ACTG2,0.033443015,heme Metabolism,0.11683692
mouse_GSE97718,mouse,GSE97718,70,CIDEA,0.033344965,Pancreas Beta Cells,0.13513735
mouse_GSE97718,mouse,GSE97718,71,VWA3A,0.033076085,Inflammatory Response,0.15554234
mouse_GSE97718,mouse,GSE97718,72,RIOX1,0.032531243,p53 Pathway,0.19615376
mouse_GSE97718,mouse,GSE97718,73,PGLYRP1,0.032041725,Estrogen Response Late,0.11211925
mouse_GSE97718,mouse,GSE97718,74,HAS3,0.03197654,Spermatogenesis,-0.14774916
mouse_GSE97718,mouse,GSE97718,75,MS4A8,0.031926535,Allograft Rejection,0.16143382
mouse_GSE97718,mouse,GSE97718,76,SH2D6,0.031831082,Inflammatory Response,0.12298656
mouse_GSE97718,mouse,GSE97718,77,STK17B,0.03147216,TGF-beta Signaling,-0.11663091
mouse_GSE97718,mouse,GSE97718,78,SLC51B,0.031330742,Complement,0.12478676
mouse_GSE97718,mouse,GSE97718,79,HMGCS2,0.03131361,KRAS Signaling Dn,0.13183177
mouse_GSE97718,mouse,GSE97718,80,HAPLN3,0.03129742,IL-2/STAT5 Signaling,0.16110495
mouse_GSE97718,mouse,GSE97718,81,DACH2,0.031023322,Adipogenesis,0.15809727
mouse_GSE97718,mouse,GSE97718,82,TIGIT,0.030910278,Androgen Response,-0.17061332
mouse_GSE97718,mouse,GSE97718,83,ARG1,0.030859726,Bile Acid Metabolism,-0.18010461
mouse_GSE97718,mouse,GSE97718,84,DOK5,0.03085891,Coagulation,-0.13960761
mouse_GSE97718,mouse,GSE97718,85,IL4I1,0.030850634,Fatty Acid Metabolism,0.12002483
mouse_GSE97718,mouse,GSE97718,86,GLI1,0.03082385,Spermatogenesis,0.1299381
mouse_GSE97718,mouse,GSE97718,87,CD36,0.030709896,Glycolysis,0.113995224
mouse_GSE97718,mouse,GSE97718,88,SFTA2,0.030685848,Estrogen Response Late,0.16226634
mouse_GSE97718,mouse,GSE97718,89,RBP4,0.030625729,Myogenesis,-0.14238214
mouse_GSE97718,mouse,GSE97718,90,KRT1,0.030330082,Estrogen Response Early,-0.1315614
mouse_GSE97718,mouse,GSE97718,91,HAPLN1,0.030327378,Interferon Gamma Response,0.123680085
mouse_GSE97718,mouse,GSE97718,92,BTG3,0.030235756,Complement,0.14507905
mouse_GSE97718,mouse,GSE97718,93,HAVCR2,0.030228788,Pperoxisome,0.13526827
mouse_GSE97718,mouse,GSE97718,94,CYP7B1,0.030047266,heme Metabolism,-0.16065085
mouse_GSE97718,mouse,GSE97718,95,MARCKSL1,0.02992932,Apoptosis,-0.13052583
mouse_GSE97718,mouse,GSE97718,96,PRKCB,0.029826317,IL-6/JAK/STAT3 Signaling,-0.11603099
mouse_GSE97718,mouse,GSE97718,97,SERP2,0.029823266,Spermatogenesis,0.19168872
mouse_GSE97718,mouse,GSE97718,98,BCL3,0.029816901,Coagulation,-0.13378221
mouse_GSE97718,mouse,GSE97718,99,CA8,0.02961679,Androgen Response,-0.11649194
mouse_GSE97718,mouse,GSE97718,100,NPNT,0.0295963,IL-2/STAT5 Signaling,-0.11907303
