axis,rank,gene,mean_attribution_change,absolute_mean_attribution_change,prior_context_gene
Axis A,1,FBXO32,0.012135468,0.012135468,False
Axis A,2,NMRK2,-0.00886595,0.00886595,False
Axis A,3,MYL1,-0.008837521,0.008837521,False
Axis A,4,ASB5,0.008143712,0.008143712,False
Axis A,5,MT-ND6,0.0077378578,0.0077378578,False
Axis A,6,ENAH,0.006497279,0.006497279,False
Axis A,7,FNBP1L,0.0064790007,0.0064790007,False
Axis A,8,ACTC1,-0.005981494,0.005981494,False
Axis A,9,PVALB,0.0056526572,0.0056526572,False
Axis A,10,SFXN4,0.0053739855,0.0053739855,False
Axis A,11,GTPBP4,0.0053464384,0.0053464384,False
Axis A,12,TMOD4,0.005132634,0.005132634,False
Axis A,13,MUSK,0.0050866473,0.0050866473,False
Axis A,14,ACTA1,-0.0048344843,0.0048344843,False
Axis A,15,SORBS1,0.0035381184,0.0035381184,False
Axis A,16,LAMB2,0.0033632303,0.0033632303,False
Axis A,17,DES,-0.003282106,0.003282106,False
Axis A,18,KIAA0513,0.0032683709,0.0032683709,False
Axis A,19,PXDC1,0.003230066,0.003230066,False
Axis A,20,RTN4,-0.0030179406,0.0030179406,False
Axis A,21,TMEM233,-0.0030083614,0.0030083614,False
Axis A,22,AGT,0.0029432788,0.0029432788,False
Axis A,23,KPNA6,0.00283226,0.00283226,False
Axis A,24,SMCO1,-0.0028035343,0.0028035343,False
Axis A,25,FNDC5,0.0027965296,0.0027965296,False
Axis A,26,CAP2,0.0027663375,0.0027663375,False
Axis A,27,TNNI1,0.0026862407,0.0026862407,False
Axis A,28,ANXA3,0.002625383,0.002625383,False
Axis A,29,OTUD1,0.0025758047,0.0025758047,True
Axis A,30,C1QC,0.0025288975,0.0025288975,False
Axis A,31,GPX4,-0.0025206269,0.0025206269,False
Axis A,32,RUNX1,0.0025072843,0.0025072843,False
Axis A,33,NES,0.0024170827,0.0024170827,False
Axis A,34,SLC43A1,-0.002373435,0.002373435,False
Axis A,35,SFRP1,0.0023677098,0.0023677098,False
Axis A,36,MKRN1,0.0023317519,0.0023317519,False
Axis A,37,ILK,0.0023224615,0.0023224615,False
Axis A,38,TEAD4,0.0023207194,0.0023207194,False
Axis A,39,XIRP1,0.0022642568,0.0022642568,False
Axis A,40,SDHAF3,0.0022562258,0.0022562258,False
Axis A,41,BCAR1,0.0022173845,0.0022173845,False
Axis A,42,PLGRKT,-0.0022140602,0.0022140602,False
Axis A,43,LRRC20,-0.002204243,0.002204243,False
Axis A,44,ADAMTS1,0.0021523556,0.0021523556,False
Axis A,45,TRIM69,-0.002110515,0.002110515,False
Axis A,46,ANKRD1,0.0021015527,0.0021015527,True
Axis A,47,DDIT4L,-0.002093974,0.002093974,False
Axis A,48,ESRRG,0.002093337,0.002093337,False
Axis A,49,FBXO3,0.0020752372,0.0020752372,False
Axis A,50,NR4A3,0.002062291,0.002062291,True
Axis A,51,CACNB1,0.002048755,0.002048755,False
Axis A,52,TCIM,0.002024537,0.002024537,False
Axis A,53,ZFHX3,0.0020187125,0.0020187125,False
Axis A,54,CCN1,0.0020124023,0.0020124023,False
Axis A,55,ZSWIM4,-0.0020038607,0.0020038607,False
Axis A,56,PIM3,0.0019684967,0.0019684967,False
Axis A,57,SLC3A2,0.0019184056,0.0019184056,False
Axis A,58,TRDN,0.0018748748,0.0018748748,False
Axis A,59,HOXA13,0.0018582627,0.0018582627,False
Axis A,60,OGFOD1,-0.001852212,0.001852212,False
Axis A,61,AQP4,-0.001808463,0.001808463,False
Axis A,62,GIMAP8,0.0018079134,0.0018079134,False
Axis A,63,ATPAF1,0.0017889126,0.0017889126,False
Axis A,64,ATOH8,0.001785199,0.001785199,False
Axis A,65,MT-ND2,-0.0017529838,0.0017529838,False
Axis A,66,ZC3H6,-0.0017074536,0.0017074536,False
Axis A,67,MUSTN1,0.0016840983,0.0016840983,False
Axis A,68,SPOCK1,0.0016813067,0.0016813067,False
Axis A,69,TNNT1,0.0016749459,0.0016749459,False
Axis A,70,PIGL,-0.0016653636,0.0016653636,False
Axis A,71,CISH,0.0016029576,0.0016029576,False
Axis A,72,TPM1,-0.0015975174,0.0015975174,False
Axis A,73,PFKM,-0.0015951034,0.0015951034,False
Axis A,74,FKBP5,0.0015946712,0.0015946712,False
Axis A,75,GTF3A,-0.0015870925,0.0015870925,False
Axis A,76,RHBDF1,0.0015836656,0.0015836656,False
Axis A,77,SMOX,-0.0015825507,0.0015825507,False
Axis A,78,CLIC4,0.0015812377,0.0015812377,False
Axis A,79,ITGA7,0.0015784008,0.0015784008,False
Axis A,80,CHCHD10,0.0015670119,0.0015670119,False
Axis A,81,EMP1,0.0015582998,0.0015582998,False
Axis A,82,PEA15,0.001535465,0.001535465,False
Axis A,83,P4HA1,0.0015350075,0.0015350075,False
Axis A,84,MYOZ1,-0.0015037192,0.0015037192,False
Axis A,85,NEDD4,0.001465848,0.001465848,False
Axis A,86,XRCC5,-0.0014505638,0.0014505638,False
Axis A,87,GSN,0.0014423551,0.0014423551,False
Axis A,88,SPTB,-0.0014398217,0.0014398217,False
Axis A,89,CKM,0.001436122,0.001436122,False
Axis A,90,KDM5B,0.0014262482,0.0014262482,False
Axis A,91,FBP2,-0.0014249062,0.0014249062,False
Axis A,92,H2AC21,-0.0014013606,0.0014013606,False
Axis A,93,FBXO7,-0.0014012218,0.0014012218,False
Axis A,94,SLC25A4,0.0013839435,0.0013839435,False
Axis A,95,GPR157,0.0013792445,0.0013792445,False
Axis A,96,USF1,-0.0013785674,0.0013785674,False
Axis A,97,PLIN4,0.0013774149,0.0013774149,False
Axis A,98,USP54,0.0013768103,0.0013768103,False
Axis A,99,VGLL2,-0.0013617389,0.0013617389,False
Axis A,100,ZNF532,0.0013599154,0.0013599154,False
Axis A,101,TEAD1,-0.0013595601,0.0013595601,False
Axis A,102,CTSS,0.0013409699,0.0013409699,False
Axis A,103,PDE5A,0.0013378006,0.0013378006,False
Axis A,104,SESTD1,0.001327794,0.001327794,False
Axis A,105,SEMA3G,0.0013247957,0.0013247957,False
Axis A,106,AHNAK,0.0013150161,0.0013150161,False
Axis A,107,SPEN,0.0013142365,0.0013142365,False
Axis A,108,ATP2A1,-0.0013023203,0.0013023203,False
Axis A,109,KDM1A,0.0012976101,0.0012976101,False
Axis A,110,ATF1,0.0012963226,0.0012963226,False
Axis A,111,FBN1,0.0012962008,0.0012962008,False
Axis A,112,HECTD2,0.001281513,0.001281513,False
Axis A,113,NFIB,-0.0012763673,0.0012763673,False
Axis A,114,MYH3,0.0012710092,0.0012710092,False
Axis A,115,FHL3,-0.0012607601,0.0012607601,False
Axis A,116,DCP1A,0.0012600052,0.0012600052,False
Axis A,117,FAT1,0.0012585511,0.0012585511,False
Axis A,118,PGAM2,0.0012568738,0.0012568738,False
Axis A,119,NHLRC1,0.0012533591,0.0012533591,False
Axis A,120,OSER1,0.0012522226,0.0012522226,False
Axis A,121,HSF4,-0.0012459604,0.0012459604,False
Axis A,122,DUSP26,0.0012425161,0.0012425161,False
Axis A,123,SLC41A1,0.0012421878,0.0012421878,False
Axis A,124,PHYH,-0.001241165,0.001241165,False
Axis A,125,VLDLR,-0.0012351103,0.0012351103,False
Axis A,126,NDUFS6,-0.0012276312,0.0012276312,False
Axis A,127,TGFB2,-0.0012247091,0.0012247091,False
Axis A,128,PLXNA2,-0.0012227194,0.0012227194,False
Axis A,129,MAP1LC3A,0.0012204899,0.0012204899,False
Axis A,130,CUL7,0.0012176144,0.0012176144,False
Axis A,131,TMEM126A,-0.001206575,0.001206575,False
Axis A,132,SLC44A2,-0.0011983593,0.0011983593,False
Axis A,133,COL14A1,0.0011906524,0.0011906524,False
Axis A,134,SETBP1,-0.0011858123,0.0011858123,False
Axis A,135,CD276,0.001177738,0.001177738,False
Axis A,136,FNDC3B,0.001174871,0.001174871,False
Axis A,137,UBE2A,-0.0011640512,0.0011640512,False
Axis A,138,BTBD6,-0.0011585308,0.0011585308,False
Axis A,139,FADS3,0.0011492908,0.0011492908,False
Axis A,140,CCN2,0.0011484938,0.0011484938,False
Axis A,141,CNN1,0.001148045,0.001148045,False
Axis A,142,IL6R,0.0011345281,0.0011345281,False
Axis A,143,GLO1,0.001132908,0.001132908,False
Axis A,144,SPRY4,0.0011178944,0.0011178944,False
Axis A,145,SPIRE1,0.0011140653,0.0011140653,False
Axis A,146,HID1,-0.00111169,0.00111169,False
Axis A,147,CSGALNACT2,0.001111385,0.001111385,False
Axis A,148,MYBPH,0.0011045191,0.0011045191,False
Axis A,149,RNF122,0.0011020477,0.0011020477,False
Axis A,150,XIRP2,-0.0010977113,0.0010977113,False
Axis A,151,G0S2,0.0010961586,0.0010961586,False
Axis A,152,P4HA2,0.0010959657,0.0010959657,False
Axis A,153,ANK1,0.0010911538,0.0010911538,False
Axis A,154,HLF,-0.0010850611,0.0010850611,False
Axis A,155,PLAGL2,0.0010837227,0.0010837227,False
Axis A,156,ALPK3,0.001080533,0.001080533,False
Axis A,157,SOX4,0.0010655143,0.0010655143,False
Axis A,158,TBX15,-0.00106409,0.00106409,False
Axis A,159,DNAJB4,0.001061816,0.001061816,False
Axis A,160,PELI2,0.0010563924,0.0010563924,False
Axis A,161,OPTN,-0.0010560942,0.0010560942,False
Axis A,162,MAP1B,0.0010542943,0.0010542943,False
Axis A,163,TSPAN8,-0.001051195,0.001051195,False
Axis A,164,RPS20,-0.0010471586,0.0010471586,False
Axis A,165,URB2,0.0010442912,0.0010442912,False
Axis A,166,PALS2,-0.0010433979,0.0010433979,False
Axis A,167,SORBS2,0.0010398906,0.0010398906,False
Axis A,168,SEC22B,0.001038293,0.001038293,False
Axis A,169,CYB561D2,0.0010315152,0.0010315152,False
Axis A,170,SLC25A25,0.0010279445,0.0010279445,False
Axis A,171,OSBPL6,0.0010259368,0.0010259368,False
Axis A,172,KLF4,0.0010135784,0.0010135784,False
Axis A,173,SAMD4A,0.000995224,0.000995224,False
Axis A,174,IGIP,-0.0009918022,0.0009918022,False
Axis A,175,LARS2,-0.0009885835,0.0009885835,False
Axis A,176,PER1,-0.0009719854,0.0009719854,False
Axis A,177,CXXC5,0.0009713279,0.0009713279,False
Axis A,178,ZNF366,-0.000965647,0.000965647,False
Axis A,179,HSPB1,-0.0009630353,0.0009630353,False
Axis A,180,GRB14,-0.00095455244,0.00095455244,False
Axis A,181,PMP22,0.0009536518,0.0009536518,False
Axis A,182,CAND2,0.0009525574,0.0009525574,False
Axis A,183,GAMT,0.00095106487,0.00095106487,False
Axis A,184,MTERF3,-0.00094311056,0.00094311056,False
Axis A,185,FJX1,0.0009364602,0.0009364602,False
Axis A,186,CDKN1A,0.00092986785,0.00092986785,True
Axis A,187,ATF4,-0.00092893373,0.00092893373,False
Axis A,188,POPDC3,0.000927798,0.000927798,False
Axis A,189,MTF2,-0.0009193352,0.0009193352,False
Axis A,190,STRIP2,-0.00091862236,0.00091862236,False
Axis A,191,TNFAIP8L1,-0.00091468956,0.00091468956,False
Axis A,192,TSPAN12,-0.0009113939,0.0009113939,False
Axis A,193,ATP8B2,0.00091112615,0.00091112615,False
Axis A,194,SMARCA1,0.00090944616,0.00090944616,False
Axis A,195,CD34,-0.0009087344,0.0009087344,False
Axis A,196,DCN,0.00090859097,0.00090859097,False
Axis A,197,UBTF,0.00090852776,0.00090852776,False
Axis A,198,RPL22L1,0.0009083166,0.0009083166,False
Axis A,199,NR4A1,0.00090534415,0.00090534415,False
Axis A,200,HDAC4,0.0009008456,0.0009008456,False
Axis A,201,GADD45A,0.00089932774,0.00089932774,False
Axis A,202,ZNHIT3,-0.00089639984,0.00089639984,False
Axis A,203,COX8A,-0.0008962684,0.0008962684,False
Axis A,204,MDH1,0.0008929558,0.0008929558,False
Axis A,205,TIMM22,0.0008929109,0.0008929109,False
Axis A,206,MB,0.00089019304,0.00089019304,False
Axis A,207,SNRPA,0.00088898616,0.00088898616,False
Axis A,208,CSRP1,-0.0008794578,0.0008794578,False
Axis A,209,GATAD2A,-0.0008780301,0.0008780301,False
Axis A,210,YTHDC2,0.0008744856,0.0008744856,False
Axis A,211,RBM20,0.0008680987,0.0008680987,False
Axis A,212,RASGRP3,-0.00086706906,0.00086706906,False
Axis A,213,MYOM1,0.0008662287,0.0008662287,False
Axis A,214,PSMD12,0.000865344,0.000865344,False
Axis A,215,LAMB1,0.0008652663,0.0008652663,False
Axis A,216,BAG3,0.0008581269,0.0008581269,False
Axis A,217,PITX1,0.0008574583,0.0008574583,False
Axis A,218,P2RX1,0.00085505523,0.00085505523,False
Axis A,219,PRUNE2,0.0008533821,0.0008533821,False
Axis A,220,EIF1AD,0.00084845466,0.00084845466,False
Axis A,221,CX3CL1,0.00084676535,0.00084676535,True
Axis A,222,ZCCHC2,0.0008464835,0.0008464835,False
Axis A,223,MAP3K20,0.00084645883,0.00084645883,False
Axis A,224,PPARGC1A,0.0008397952,0.0008397952,False
Axis A,225,LATS2,0.0008360412,0.0008360412,False
Axis A,226,WASF3,0.0008345186,0.0008345186,False
Axis A,227,CYP27A1,0.00082849246,0.00082849246,False
Axis A,228,MSN,0.0008249635,0.0008249635,False
Axis A,229,GPR183,0.0008229602,0.0008229602,False
Axis A,230,IRF1,0.00082138344,0.00082138344,False
Axis A,231,DPP4,0.0008196181,0.0008196181,False
Axis A,232,MON2,0.0008188322,0.0008188322,False
Axis A,233,ASB2,0.0008095297,0.0008095297,False
Axis A,234,PPP1R10,0.000802072,0.000802072,False
Axis A,235,TOB2,-0.00080048386,0.00080048386,False
Axis A,236,ANGPTL2,-0.00079870265,0.00079870265,False
Axis A,237,ARVCF,0.0007979288,0.0007979288,False
Axis A,238,CBX5,0.00079397066,0.00079397066,False
Axis A,239,CTNNAL1,0.00079210004,0.00079210004,False
Axis A,240,CNBP,-0.0007888408,0.0007888408,False
Axis A,241,LRRC58,0.0007868862,0.0007868862,False
Axis A,242,MN1,0.0007864713,0.0007864713,False
Axis A,243,LRP1,0.0007796044,0.0007796044,False
Axis A,244,MYOZ3,-0.0007777385,0.0007777385,False
Axis A,245,MEIS1,-0.00077753613,0.00077753613,False
Axis A,246,TXLNB,-0.00077470567,0.00077470567,False
Axis A,247,UTP11,-0.0007738038,0.0007738038,False
Axis A,248,PROCR,0.00076962705,0.00076962705,False
Axis A,249,DNMT1,0.00076664286,0.00076664286,False
Axis A,250,PCNT,0.0007657211,0.0007657211,False
Axis A,251,BHLHE40,0.00076524535,0.00076524535,False
Axis A,252,IP6K3,0.000764446,0.000764446,False
Axis A,253,HMGN3,0.00076405675,0.00076405675,False
Axis A,254,FLNB,0.0007625911,0.0007625911,False
Axis A,255,CCDC43,0.00075969705,0.00075969705,False
Axis A,256,ZNF277,-0.0007555221,0.0007555221,False
Axis A,257,DDX21,0.00075493444,0.00075493444,False
Axis A,258,GAS1,0.00074861804,0.00074861804,False
Axis A,259,TCOF1,0.0007467994,0.0007467994,False
Axis A,260,UACA,-0.00074571243,0.00074571243,False
Axis A,261,ADIG,-0.00074538455,0.00074538455,False
Axis A,262,COL4A2,0.00074499694,0.00074499694,False
Axis A,263,RRAD,0.0007404317,0.0007404317,False
Axis A,264,CDCA7L,-0.00073859026,0.00073859026,False
Axis A,265,VDAC3,-0.0007382559,0.0007382559,False
Axis A,266,DNAJB12,-0.00073491776,0.00073491776,False
Axis A,267,PITX2,0.000730803,0.000730803,False
Axis A,268,AXIN2,-0.00072397734,0.00072397734,False
Axis A,269,SLC7A1,0.00072352367,0.00072352367,False
Axis A,270,RUVBL1,0.0007220076,0.0007220076,False
Axis A,271,PACSIN2,0.0007211843,0.0007211843,False
Axis A,272,DNAJA1,0.0007185555,0.0007185555,False
Axis A,273,SLC25A20,0.0007180474,0.0007180474,False
Axis A,274,MRPS26,-0.00071643526,0.00071643526,False
Axis A,275,TIMP1,0.000711248,0.000711248,False
Axis A,276,TNS2,0.0007100514,0.0007100514,False
Axis A,277,RHOBTB1,-0.0007085445,0.0007085445,False
Axis A,278,NIPSNAP2,-0.00070678955,0.00070678955,False
Axis A,279,ITM2A,0.00070034503,0.00070034503,False
Axis A,280,FLNA,0.00070008804,0.00070008804,False
Axis A,281,KLHL40,0.0006951594,0.0006951594,False
Axis A,282,APBB1IP,0.00069495395,0.00069495395,False
Axis A,283,ARHGAP23,0.00069442275,0.00069442275,False
Axis A,284,NREP,-0.00069424976,0.00069424976,False
Axis A,285,CNKSR1,0.0006932018,0.0006932018,False
Axis A,286,MFAP5,0.0006912049,0.0006912049,False
Axis A,287,ASB4,-0.0006891077,0.0006891077,False
Axis A,288,FABP3,-0.0006890818,0.0006890818,False
Axis A,289,CYP2R1,-0.00068892137,0.00068892137,False
Axis A,290,NPHP1,-0.000684618,0.000684618,False
Axis A,291,MAP3K6,0.0006845864,0.0006845864,False
Axis A,292,ASB11,-0.0006842821,0.0006842821,False
Axis A,293,NFYC,0.00068268157,0.00068268157,False
Axis A,294,LPIN1,0.00068213046,0.00068213046,False
Axis A,295,ADRB2,0.0006818214,0.0006818214,False
Axis A,296,HSPA1L,0.0006812903,0.0006812903,False
Axis A,297,PIGBOS1,-0.00067882927,0.00067882927,False
Axis A,298,ITGB6,-0.0006769714,0.0006769714,False
Axis A,299,RPS27L,0.00067103317,0.00067103317,False
Axis A,300,CBFA2T3,0.00067073037,0.00067073037,False
Axis A,301,USE1,0.0006690768,0.0006690768,False
Axis A,302,MYBPC2,0.00066653255,0.00066653255,False
Axis A,303,JRK,0.0006655812,0.0006655812,False
Axis A,304,GPRASP1,0.00066476257,0.00066476257,False
Axis A,305,NTSR2,0.00066231634,0.00066231634,False
Axis A,306,FLCN,0.0006621282,0.0006621282,False
Axis A,307,PIM1,0.0006610952,0.0006610952,False
Axis A,308,GNPDA1,0.0006609048,0.0006609048,False
Axis A,309,DLC1,0.0006589673,0.0006589673,False
Axis A,310,MYL12A,0.00065817975,0.00065817975,False
Axis A,311,ARMCX2,0.00065810553,0.00065810553,False
Axis A,312,MAP2K3,0.0006555255,0.0006555255,False
Axis A,313,THBS4,0.000654974,0.000654974,False
Axis A,314,FAM216A,0.0006537278,0.0006537278,False
Axis A,315,PEX13,0.00065334636,0.00065334636,False
Axis A,316,MYLK3,0.00064962765,0.00064962765,False
Axis A,317,TIMP3,0.0006494669,0.0006494669,False
Axis A,318,MEGF9,0.00064784114,0.00064784114,False
Axis A,319,NR6A1,0.0006446815,0.0006446815,False
Axis A,320,MKNK2,-0.00064415514,0.00064415514,False
Axis A,321,RANBP6,-0.00064370094,0.00064370094,False
Axis A,322,CRIP2,0.00064317486,0.00064317486,False
Axis A,323,CD163,0.00064313936,0.00064313936,False
Axis A,324,RGS19,0.0006425037,0.0006425037,False
Axis A,325,MYOZ2,0.00064080115,0.00064080115,False
Axis A,326,LMOD2,-0.00064030255,0.00064030255,False
Axis A,327,PRADC1,0.00064001256,0.00064001256,False
Axis A,328,ENPP5,0.00063965225,0.00063965225,False
Axis A,329,ANGPTL7,0.0006382817,0.0006382817,False
Axis A,330,IDUA,0.00063728524,0.00063728524,False
Axis A,331,MCRIP2,0.0006347123,0.0006347123,False
Axis A,332,KLHDC3,-0.0006302423,0.0006302423,False
Axis A,333,PRR33,-0.000630219,0.000630219,False
Axis A,334,DKK3,0.0006293429,0.0006293429,False
Axis A,335,LAMC1,0.00062500057,0.00062500057,False
Axis A,336,SRXN1,0.0006234541,0.0006234541,False
Axis A,337,RET,0.00062253117,0.00062253117,False
Axis A,338,PECAM1,0.00061851734,0.00061851734,False
Axis A,339,GPD1L,-0.00061713986,0.00061713986,False
Axis A,340,GABPB1,0.00061688677,0.00061688677,False
Axis A,341,PERM1,0.00061664695,0.00061664695,False
Axis A,342,SOCS3,0.00061429467,0.00061429467,False
Axis A,343,BICD1,0.00061381457,0.00061381457,False
Axis A,344,EID2,-0.00061370037,0.00061370037,False
Axis A,345,UBE2T,-0.0006122466,0.0006122466,False
Axis A,346,CHRAC1,-0.0006104298,0.0006104298,False
Axis A,347,PDCD2L,0.0006102017,0.0006102017,False
Axis A,348,XDH,0.0006099998,0.0006099998,False
Axis A,349,RAB20,0.0006089912,0.0006089912,False
Axis A,350,TOP1,0.0006078913,0.0006078913,False
Axis A,351,MAPK4,-0.00060649763,0.00060649763,False
Axis A,352,S100A8,0.00060589734,0.00060589734,False
Axis A,353,TNFRSF12A,-0.0006057131,0.0006057131,False
Axis A,354,VOPP1,0.0006048311,0.0006048311,False
Axis A,355,SETD7,0.0006045932,0.0006045932,False
Axis A,356,EPB41L3,0.0006034962,0.0006034962,False
Axis A,357,CA3,-0.00060321717,0.00060321717,False
Axis A,358,BCL9L,0.00060182536,0.00060182536,False
Axis A,359,PRR3,-0.000601215,0.000601215,False
Axis A,360,METTL17,-0.0005992218,0.0005992218,False
Axis A,361,UBAP2,-0.00059797533,0.00059797533,False
Axis A,362,RANBP10,0.0005974648,0.0005974648,False
Axis A,363,NETO2,-0.00059635175,0.00059635175,False
Axis A,364,SDCBP,-0.00059559976,0.00059559976,False
Axis A,365,ATP13A2,0.00059546705,0.00059546705,False
Axis A,366,HEATR1,0.00059453846,0.00059453846,False
Axis A,367,GLRX5,-0.00059064955,0.00059064955,False
Axis A,368,PPP1R3C,0.00059027196,0.00059027196,False
Axis A,369,NDUFS2,0.0005863005,0.0005863005,False
Axis A,370,TBX1,0.00058429275,0.00058429275,False
Axis A,371,HSPH1,0.00058338855,0.00058338855,False
Axis A,372,S100A6,0.0005833411,0.0005833411,False
Axis A,373,CKS2,0.0005831408,0.0005831408,False
Axis A,374,ZNF25,0.0005828737,0.0005828737,False
Axis A,375,CCDC80,0.0005826312,0.0005826312,False
Axis A,376,BCL2,-0.00058187067,0.00058187067,False
Axis A,377,MT1X,0.0005818444,0.0005818444,False
Axis A,378,POLR2L,0.00058166566,0.00058166566,False
Axis A,379,WHAMM,0.0005788872,0.0005788872,False
Axis A,380,NEB,-0.00057703146,0.00057703146,False
Axis A,381,CAST,0.0005764358,0.0005764358,False
Axis A,382,RIOK3,-0.00057628384,0.00057628384,False
Axis A,383,DUSP4,0.00057618006,0.00057618006,False
Axis A,384,HES6,0.0005742529,0.0005742529,False
Axis A,385,PPP2R5D,0.0005727196,0.0005727196,False
Axis A,386,LAMC2,0.0005724024,0.0005724024,False
Axis A,387,NUCKS1,0.0005719748,0.0005719748,False
Axis A,388,ANKRD40,-0.000571262,0.000571262,False
Axis A,389,PTTG1IP,0.0005695439,0.0005695439,False
Axis A,390,RASD2,0.00056948623,0.00056948623,False
Axis A,391,PSTK,0.00056925596,0.00056925596,False
Axis A,392,MBP,0.0005691529,0.0005691529,False
Axis A,393,CCDC3,0.00056863145,0.00056863145,False
Axis A,394,PLCL2,-0.0005668717,0.0005668717,False
Axis A,395,TIMM17A,-0.0005656658,0.0005656658,False
Axis A,396,CREB5,0.0005648637,0.0005648637,False
Axis A,397,ZBTB16,0.0005648624,0.0005648624,False
Axis A,398,SEC14L5,-0.000564561,0.000564561,False
Axis A,399,TRIO,0.0005631548,0.0005631548,False
Axis A,400,ABLIM3,-0.00055915024,0.00055915024,False
Axis A,401,DNAJB1,0.00055875647,0.00055875647,False
Axis A,402,HSPA2,0.00055788015,0.00055788015,False
Axis A,403,ATP1A2,-0.0005578138,0.0005578138,False
Axis A,404,PC,0.000556914,0.000556914,False
Axis A,405,PTBP3,0.0005558969,0.0005558969,False
Axis A,406,MT-CO1,0.0005547559,0.0005547559,False
Axis A,407,NUAK1,0.0005546658,0.0005546658,False
Axis A,408,SMAD3,0.00055447343,0.00055447343,False
Axis A,409,ZFAND5,0.0005525226,0.0005525226,False
Axis A,410,ANXA2,0.000551281,0.000551281,False
Axis A,411,EYA4,-0.0005508852,0.0005508852,False
Axis A,412,RAB34,0.0005500666,0.0005500666,False
Axis A,413,NDUFA10,-0.0005491229,0.0005491229,False
Axis A,414,PARP14,-0.0005484243,0.0005484243,False
Axis A,415,SCARA5,0.00054818596,0.00054818596,False
Axis A,416,PTPN6,0.00054786995,0.00054786995,False
Axis A,417,SLC17A9,0.0005477468,0.0005477468,False
Axis A,418,DNAJC3,0.0005461497,0.0005461497,False
Axis A,419,NFIL3,0.00054353336,0.00054353336,False
Axis A,420,SLC2A4,-0.0005433474,0.0005433474,False
Axis A,421,PDGFD,0.0005431954,0.0005431954,False
Axis A,422,DENND4B,-0.0005421527,0.0005421527,False
Axis A,423,NBL1,0.00054210593,0.00054210593,False
Axis A,424,TMEM119,0.00054138945,0.00054138945,False
Axis A,425,PDGFB,0.0005396906,0.0005396906,False
Axis A,426,ZFHX4,0.0005380665,0.0005380665,False
Axis A,427,SURF6,0.0005374934,0.0005374934,False
Axis A,428,PFKFB1,-0.0005368841,0.0005368841,False
Axis A,429,FLNC,0.0005365467,0.0005365467,False
Axis A,430,RAP1B,-0.0005363782,0.0005363782,False
Axis A,431,PLEC,0.0005336902,0.0005336902,False
Axis A,432,JUN,0.00053257344,0.00053257344,False
Axis A,433,F2R,0.0005305117,0.0005305117,False
Axis A,434,PLIN5,0.0005286392,0.0005286392,False
Axis A,435,SPATA7,-0.0005278334,0.0005278334,False
Axis A,436,PDXP,0.00052444695,0.00052444695,False
Axis A,437,CSF3R,0.00052144297,0.00052144297,False
Axis A,438,ZNF444,0.0005204335,0.0005204335,False
Axis A,439,SERPING1,0.00052027754,0.00052027754,False
Axis A,440,LRIG3,0.0005190694,0.0005190694,False
Axis A,441,FHOD1,-0.000517612,0.000517612,False
Axis A,442,NR1D2,-0.00051680487,0.00051680487,False
Axis A,443,CPEB1,-0.00051665376,0.00051665376,False
Axis A,444,LYVE1,0.0005158818,0.0005158818,False
Axis A,445,AMT,0.0005146689,0.0005146689,False
Axis A,446,MYH7,-0.0005140267,0.0005140267,False
Axis A,447,ZNF786,0.0005136886,0.0005136886,False
Axis A,448,RPUSD4,-0.00051276525,0.00051276525,False
Axis A,449,SDC4,0.0005105523,0.0005105523,False
Axis A,450,IGFBP5,-0.0005095778,0.0005095778,False
Axis A,451,VASH1,0.0005089793,0.0005089793,False
Axis A,452,MYH11,0.0005074141,0.0005074141,False
Axis A,453,CCDC149,0.00050708477,0.00050708477,False
Axis A,454,SASH1,0.0005029924,0.0005029924,False
Axis A,455,IL17D,0.00050293445,0.00050293445,False
Axis A,456,VCL,-0.00050145655,0.00050145655,False
Axis A,457,PLEKHM2,-0.00050124375,0.00050124375,False
Axis A,458,TMED3,0.00050109334,0.00050109334,False
Axis A,459,ABRA,0.00050008786,0.00050008786,False
Axis A,460,STX1A,0.0004997945,0.0004997945,False
Axis A,461,CEP43,-0.00049908285,0.00049908285,False
Axis A,462,PDLIM3,-0.0004988564,0.0004988564,False
Axis A,463,ALDH1L1,0.00049650006,0.00049650006,False
Axis A,464,ZNF516,0.00049616647,0.00049616647,False
Axis A,465,SERPINB8,0.0004960367,0.0004960367,False
Axis A,466,GYPC,-0.0004941494,0.0004941494,False
Axis A,467,FAM193A,0.0004935428,0.0004935428,False
Axis A,468,ANKRD33B,0.0004919017,0.0004919017,False
Axis A,469,RALBP1,0.000491266,0.000491266,False
Axis A,470,ARHGAP24,0.00049036834,0.00049036834,False
Axis A,471,CEBPA,0.0004901482,0.0004901482,False
Axis A,472,COL1A2,0.0004885006,0.0004885006,False
Axis A,473,PCF11,0.0004884903,0.0004884903,False
Axis A,474,YAF2,0.00048660545,0.00048660545,False
Axis A,475,C1QTNF6,0.00048549447,0.00048549447,False
Axis A,476,PPP1R9B,0.00048403235,0.00048403235,False
Axis A,477,SUN2,0.00048346908,0.00048346908,False
Axis A,478,KLHL21,0.00048313336,0.00048313336,False
Axis A,479,USP13,0.0004822875,0.0004822875,False
Axis A,480,PYGO1,0.0004794204,0.0004794204,False
Axis A,481,NPDC1,0.00047891226,0.00047891226,False
Axis A,482,PRKCQ,-0.0004771056,0.0004771056,False
Axis A,483,TP63,0.00047624783,0.00047624783,False
Axis A,484,TSPAN4,0.0004756775,0.0004756775,False
Axis A,485,TUBB2A,0.00047284464,0.00047284464,False
Axis A,486,SNX21,0.00047173747,0.00047173747,False
Axis A,487,CGREF1,0.0004715861,0.0004715861,False
Axis A,488,SERINC2,-0.0004714122,0.0004714122,False
Axis A,489,FNDC4,0.00046972514,0.00046972514,False
Axis A,490,ZMIZ1,0.0004695781,0.0004695781,False
Axis A,491,SERINC1,-0.0004691088,0.0004691088,False
Axis A,492,ACTN1,0.00046886277,0.00046886277,False
Axis A,493,PID1,0.00046865956,0.00046865956,False
Axis A,494,JOSD1,0.00046853477,0.00046853477,False
Axis A,495,CHAMP1,0.00046747873,0.00046747873,False
Axis A,496,NOL3,0.00046743406,0.00046743406,False
Axis A,497,BHLHE41,-0.0004664528,0.0004664528,False
Axis A,498,USP28,0.00046643606,0.00046643606,False
Axis A,499,TEK,0.00046631333,0.00046631333,False
Axis A,500,ITM2C,0.00046500075,0.00046500075,False
Axis B,1,FBXO32,0.019067938,0.019067938,False
Axis B,2,CFD,0.008236842,0.008236842,False
Axis B,3,TOB2,-0.0066488297,0.0066488297,False
Axis B,4,USP54,-0.006410589,0.006410589,False
Axis B,5,NMRK2,0.005437143,0.005437143,False
Axis B,6,NRAP,-0.0049018734,0.0049018734,False
Axis B,7,MB,-0.004774645,0.004774645,False
Axis B,8,MT-ND6,0.0037564214,0.0037564214,False
Axis B,9,MYL1,-0.0036026288,0.0036026288,False
Axis B,10,TNNI1,-0.0035673052,0.0035673052,False
Axis B,11,ACTA1,-0.0034003556,0.0034003556,False
Axis B,12,TEAD4,0.003283607,0.003283607,False
Axis B,13,SMOX,0.003202283,0.003202283,False
Axis B,14,ULK2,-0.0031613086,0.0031613086,False
Axis B,15,IGIP,0.003040272,0.003040272,False
Axis B,16,HLF,0.002975974,0.002975974,False
Axis B,17,CYB561D2,0.0029282032,0.0029282032,False
Axis B,18,PVALB,-0.002923196,0.002923196,False
Axis B,19,H2AC20,-0.002908395,0.002908395,False
Axis B,20,LAMB2,0.0027896762,0.0027896762,False
Axis B,21,CISH,-0.0027798328,0.0027798328,False
Axis B,22,TMOD4,-0.0027329114,0.0027329114,False
Axis B,23,VOPP1,-0.0025329601,0.0025329601,False
Axis B,24,CACNB1,0.002497549,0.002497549,False
Axis B,25,ALPK3,-0.0023985014,0.0023985014,False
Axis B,26,SLC43A1,0.0022905504,0.0022905504,False
Axis B,27,VLDLR,-0.0022475224,0.0022475224,False
Axis B,28,CAP2,0.0021680167,0.0021680167,False
Axis B,29,AQP4,0.0021300744,0.0021300744,False
Axis B,30,AXIN2,0.0021209475,0.0021209475,False
Axis B,31,ZC3H6,0.002113471,0.002113471,False
Axis B,32,OTUD1,0.0019856468,0.0019856468,True
Axis B,33,LRRC20,0.001946309,0.001946309,False
Axis B,34,METTL17,0.0019007176,0.0019007176,False
Axis B,35,ERBB2,0.0018061154,0.0018061154,False
Axis B,36,C1QA,0.0017836733,0.0017836733,False
Axis B,37,COLQ,0.0017784758,0.0017784758,False
Axis B,38,RBM24,-0.0017674025,0.0017674025,False
Axis B,39,MUSK,0.001765862,0.001765862,False
Axis B,40,KLF10,-0.0016986498,0.0016986498,False
Axis B,41,CBX5,0.001685732,0.001685732,False
Axis B,42,DES,-0.001684105,0.001684105,False
Axis B,43,ZNF786,-0.0016638393,0.0016638393,False
Axis B,44,SERINC2,-0.0016113268,0.0016113268,False
Axis B,45,AOC3,0.0016086986,0.0016086986,False
Axis B,46,ATF3,0.0015617772,0.0015617772,True
Axis B,47,DTX3,0.0015589559,0.0015589559,False
Axis B,48,ANXA7,0.0015559265,0.0015559265,False
Axis B,49,PDK4,-0.0015517598,0.0015517598,False
Axis B,50,CD34,0.0015472776,0.0015472776,False
Axis B,51,NEXN,0.0015357109,0.0015357109,False
Axis B,52,TRIM63,0.0015297359,0.0015297359,False
Axis B,53,MAP3K20,0.0015193258,0.0015193258,False
Axis B,54,CROCC,0.0014879382,0.0014879382,False
Axis B,55,SORBS1,-0.0014788652,0.0014788652,False
Axis B,56,TRIM69,-0.0014245241,0.0014245241,False
Axis B,57,ACTC1,-0.0013967274,0.0013967274,False
Axis B,58,CD36,0.0013839817,0.0013839817,False
Axis B,59,NR4A1,0.0013832817,0.0013832817,False
Axis B,60,MT-CYB,0.0013644326,0.0013644326,False
Axis B,61,ITGA7,0.001350013,0.001350013,False
Axis B,62,ADIG,-0.0013485192,0.0013485192,False
Axis B,63,TET1,0.0013425077,0.0013425077,False
Axis B,64,ZNF366,0.0013371091,0.0013371091,False
Axis B,65,PARP14,0.0013274844,0.0013274844,False
Axis B,66,ATP2A1,-0.0013119482,0.0013119482,False
Axis B,67,SLC19A2,0.0012938402,0.0012938402,False
Axis B,68,DDIT4L,0.0012872216,0.0012872216,False
Axis B,69,OGFOD1,0.0012860013,0.0012860013,False
Axis B,70,GPX4,0.001281349,0.001281349,False
Axis B,71,PDLIM3,0.0012669949,0.0012669949,False
Axis B,72,TRDN,-0.001248595,0.001248595,False
Axis B,73,HOXA13,-0.0012439649,0.0012439649,False
Axis B,74,NR4A3,-0.0012370591,0.0012370591,True
Axis B,75,CYP2R1,0.0012137358,0.0012137358,False
Axis B,76,MYLK3,-0.0011991459,0.0011991459,False
Axis B,77,PIGG,0.0011657109,0.0011657109,False
Axis B,78,XRCC5,0.0011490661,0.0011490661,False
Axis B,79,ECHDC2,0.0011433046,0.0011433046,False
Axis B,80,VGLL2,-0.0011309674,0.0011309674,False
Axis B,81,TMEM126A,0.0011215053,0.0011215053,False
Axis B,82,PIGL,0.0011167696,0.0011167696,False
Axis B,83,ABLIM3,0.0011079437,0.0011079437,False
Axis B,84,NEDD4,0.0011061007,0.0011061007,False
Axis B,85,NES,-0.001088868,0.001088868,False
Axis B,86,WDR35,0.0010794718,0.0010794718,False
Axis B,87,DPP4,0.0010722439,0.0010722439,False
Axis B,88,MUSTN1,-0.0010614033,0.0010614033,False
Axis B,89,ANGPTL2,0.0010602414,0.0010602414,False
Axis B,90,PDE5A,0.0010479639,0.0010479639,False
Axis B,91,ANKRD1,-0.0010442907,0.0010442907,True
Axis B,92,ZFHX4,0.0010348813,0.0010348813,False
Axis B,93,ZBTB38,0.0010341149,0.0010341149,False
Axis B,94,PRADC1,0.0010338908,0.0010338908,False
Axis B,95,SPTB,0.001007344,0.001007344,False
Axis B,96,ATP1A2,0.0009978231,0.0009978231,False
Axis B,97,CX3CL1,-0.0009949117,0.0009949117,True
Axis B,98,UACA,0.0009894302,0.0009894302,False
Axis B,99,CHCHD10,0.0009863427,0.0009863427,False
Axis B,100,ADHFE1,0.0009827031,0.0009827031,False
Axis B,101,MVD,-0.000974214,0.000974214,False
Axis B,102,ZBTB18,0.00097293936,0.00097293936,False
Axis B,103,MAP1LC3A,0.00095754553,0.00095754553,False
Axis B,104,TTN,0.000949967,0.000949967,False
Axis B,105,IL6R,-0.0009403361,0.0009403361,False
Axis B,106,MTF2,0.0009311929,0.0009311929,False
Axis B,107,TARBP1,0.0009200712,0.0009200712,False
Axis B,108,PRR33,-0.0009054301,0.0009054301,False
Axis B,109,SLC25A20,0.00090456876,0.00090456876,False
Axis B,110,ASB5,-0.0009017568,0.0009017568,False
Axis B,111,TXNIP,-0.0008945128,0.0008945128,False
Axis B,112,ATF4,-0.00088947546,0.00088947546,False
Axis B,113,MT-ND2,0.00088572875,0.00088572875,False
Axis B,114,TMSB4Y,0.00088371406,0.00088371406,False
Axis B,115,ZNF22,0.000882007,0.000882007,False
Axis B,116,FBN1,0.00087197236,0.00087197236,False
Axis B,117,GTF3A,-0.00087092485,0.00087092485,False
Axis B,118,ISLR,0.0008617284,0.0008617284,False
Axis B,119,TSPAN12,-0.00086088246,0.00086088246,False
Axis B,120,ACTN2,-0.0008607612,0.0008607612,False
Axis B,121,ATP1B1,0.0008549055,0.0008549055,False
Axis B,122,ARMCX2,0.0008538963,0.0008538963,False
Axis B,123,KPNA6,0.0008466076,0.0008466076,False
Axis B,124,SPEN,-0.000837754,0.000837754,False
Axis B,125,DNAJB4,-0.00083199766,0.00083199766,False
Axis B,126,PHF14,0.0008308166,0.0008308166,False
Axis B,127,LRRN1,0.000829993,0.000829993,False
Axis B,128,FXYD6,0.0008296639,0.0008296639,False
Axis B,129,PGM1,-0.00081115,0.00081115,False
Axis B,130,PLIN4,-0.0008099756,0.0008099756,False
Axis B,131,UBE2T,0.0008092425,0.0008092425,False
Axis B,132,AHNAK,0.00079648505,0.00079648505,False
Axis B,133,NDUFA10,-0.0007939849,0.0007939849,False
Axis B,134,JUN,-0.0007930498,0.0007930498,False
Axis B,135,CDCA7L,0.00078270823,0.00078270823,False
Axis B,136,CAND2,0.00078095373,0.00078095373,False
Axis B,137,PPARGC1A,-0.00077619037,0.00077619037,False
Axis B,138,DPYSL2,0.0007721358,0.0007721358,False
Axis B,139,SMCO1,0.0007704149,0.0007704149,False
Axis B,140,ECPAS,0.00076792453,0.00076792453,False
Axis B,141,PHKA1,-0.00076545845,0.00076545845,False
Axis B,142,FOXN3,0.00076487876,0.00076487876,False
Axis B,143,LRRC49,0.0007631604,0.0007631604,False
Axis B,144,MYOM1,0.0007616145,0.0007616145,False
Axis B,145,SERPING1,0.00076026254,0.00076026254,False
Axis B,146,ABCA8,0.0007536426,0.0007536426,False
Axis B,147,SEMA3G,-0.0007450784,0.0007450784,False
Axis B,148,UCP3,-0.0007437609,0.0007437609,False
Axis B,149,UTP11,-0.00074272853,0.00074272853,False
Axis B,150,G0S2,-0.0007409921,0.0007409921,False
Axis B,151,PALS2,0.0007325395,0.0007325395,False
Axis B,152,SLC2A4,0.0007322989,0.0007322989,False
Axis B,153,ZBTB16,-0.0007320482,0.0007320482,False
Axis B,154,EIF4A1,0.00073066767,0.00073066767,False
Axis B,155,CAPN6,0.00072750915,0.00072750915,False
Axis B,156,MID1IP1,0.0007209292,0.0007209292,False
Axis B,157,EGR3,-0.00072049163,0.00072049163,False
Axis B,158,SNX21,0.00071762595,0.00071762595,False
Axis B,159,PPP1R3C,0.0007142841,0.0007142841,False
Axis B,160,TMEM233,-0.0007129175,0.0007129175,False
Axis B,161,FAT1,0.0007086219,0.0007086219,False
Axis B,162,USP13,0.0007043558,0.0007043558,False
Axis B,163,ATP13A2,0.00070284976,0.00070284976,False
Axis B,164,MAP6D1,0.0007001382,0.0007001382,False
Axis B,165,EMC7,-0.0006937959,0.0006937959,False
Axis B,166,DFFA,-0.00069361273,0.00069361273,False
Axis B,167,MTG1,0.0006927469,0.0006927469,False
Axis B,168,TNFAIP8L1,0.0006901554,0.0006901554,False
Axis B,169,ARNT,-0.0006879587,0.0006879587,False
Axis B,170,ATOH8,-0.00068620563,0.00068620563,False
Axis B,171,MKNK2,0.0006762454,0.0006762454,False
Axis B,172,UXS1,0.00067032716,0.00067032716,False
Axis B,173,RASGRP2,-0.00066971825,0.00066971825,False
Axis B,174,LRP1,-0.0006695024,0.0006695024,False
Axis B,175,IP6K3,-0.0006693184,0.0006693184,False
Axis B,176,CBX7,0.00066881225,0.00066881225,False
Axis B,177,GIMAP8,-0.00066653127,0.00066653127,False
Axis B,178,BCAR1,-0.0006636234,0.0006636234,False
Axis B,179,PLXDC2,0.0006634078,0.0006634078,False
Axis B,180,NDUFV3,-0.0006631425,0.0006631425,False
Axis B,181,RHOBTB1,0.0006612965,0.0006612965,False
Axis B,182,RUNX1T1,0.0006590551,0.0006590551,False
Axis B,183,TNNC1,0.000658893,0.000658893,False
Axis B,184,RUVBL1,0.00065877236,0.00065877236,False
Axis B,185,PRKD2,-0.00065681495,0.00065681495,False
Axis B,186,SLC4A4,0.00065638986,0.00065638986,False
Axis B,187,MTSS1,0.00065109954,0.00065109954,False
Axis B,188,ITM2C,0.0006469611,0.0006469611,False
Axis B,189,NIPSNAP2,-0.0006406338,0.0006406338,False
Axis B,190,IL33,0.0006397157,0.0006397157,False
Axis B,191,POPDC3,-0.0006390661,0.0006390661,False
Axis B,192,TRIP10,-0.00063900853,0.00063900853,False
Axis B,193,MLPH,-0.0006377812,0.0006377812,False
Axis B,194,YAP1,-0.00063523883,0.00063523883,False
Axis B,195,BEX3,-0.00063437136,0.00063437136,False
Axis B,196,PITX2,-0.00062894204,0.00062894204,False
Axis B,197,DAG1,-0.0006286145,0.0006286145,False
Axis B,198,ID1,0.0006285278,0.0006285278,False
Axis B,199,ADIPOR1,-0.00062823016,0.00062823016,False
Axis B,200,ATP2A2,0.0006244241,0.0006244241,False
Axis B,201,KDM1A,0.0006233879,0.0006233879,False
Axis B,202,MYOZ1,-0.00062338746,0.00062338746,False
Axis B,203,MN1,-0.00062310806,0.00062310806,False
Axis B,204,KIAA0408,0.00061611005,0.00061611005,False
Axis B,205,YTHDC2,0.00061264663,0.00061264663,False
Axis B,206,GPR183,-0.0006094003,0.0006094003,False
Axis B,207,DDHD2,0.00060246745,0.00060246745,False
Axis B,208,TMEM128,-0.00060143083,0.00060143083,False
Axis B,209,GPRASP1,0.0005978816,0.0005978816,False
Axis B,210,AS3MT,0.00059749885,0.00059749885,False
Axis B,211,ENAH,-0.00059687503,0.00059687503,False
Axis B,212,MAFF,0.0005941317,0.0005941317,False
Axis B,213,CDH11,0.0005867334,0.0005867334,False
Axis B,214,ANK1,0.0005848147,0.0005848147,False
Axis B,215,CTNNAL1,-0.0005821788,0.0005821788,False
Axis B,216,ENO3,-0.0005816519,0.0005816519,False
Axis B,217,ABRA,-0.00058061193,0.00058061193,False
Axis B,218,SCARA5,0.000578035,0.000578035,False
Axis B,219,TEAD1,0.0005770133,0.0005770133,False
Axis B,220,VEGFA,-0.0005753227,0.0005753227,False
Axis B,221,CACNG6,0.0005750509,0.0005750509,False
Axis B,222,RPUSD4,0.00057300687,0.00057300687,False
Axis B,223,MORN2,0.00057292014,0.00057292014,False
Axis B,224,MEIS1,0.00056809623,0.00056809623,False
Axis B,225,HSPB3,0.0005661273,0.0005661273,False
Axis B,226,PDP1,0.000564767,0.000564767,False
Axis B,227,EGFLAM,0.0005597014,0.0005597014,False
Axis B,228,UNC45B,0.00055808824,0.00055808824,False
Axis B,229,NR1D2,0.00055774074,0.00055774074,False
Axis B,230,STAT5B,-0.000556491,0.000556491,False
Axis B,231,DPF3,0.0005550287,0.0005550287,False
Axis B,232,CCDC43,0.0005534639,0.0005534639,False
Axis B,233,GADD45G,0.0005520444,0.0005520444,False
Axis B,234,VASH1,0.00055163534,0.00055163534,False
Axis B,235,NHLRC1,-0.0005505563,0.0005505563,False
Axis B,236,MYADML2,0.00054221693,0.00054221693,False
Axis B,237,PC,0.00054188195,0.00054188195,False
Axis B,238,UQCC2,0.000541521,0.000541521,False
Axis B,239,WDFY2,0.00053974945,0.00053974945,False
Axis B,240,CUL7,0.00053952046,0.00053952046,False
Axis B,241,UPF3A,0.00053880695,0.00053880695,False
Axis B,242,NPHP1,0.0005370394,0.0005370394,False
Axis B,243,PPP1R3F,0.00053692824,0.00053692824,False
Axis B,244,FNBP1L,0.00053142104,0.00053142104,False
Axis B,245,APBB1,0.00053065503,0.00053065503,False
Axis B,246,OVCA2,0.0005300902,0.0005300902,False
Axis B,247,NRN1,0.00052987965,0.00052987965,False
Axis B,248,POGLUT2,0.00052446645,0.00052446645,False
Axis B,249,MTR,0.00052279606,0.00052279606,False
Axis B,250,PMP22,0.00052186754,0.00052186754,False
Axis B,251,PYGM,-0.00052153476,0.00052153476,False
Axis B,252,CDKN2C,0.0005197416,0.0005197416,False
Axis B,253,TNNC2,-0.0005195818,0.0005195818,False
Axis B,254,AP4S1,0.0005180861,0.0005180861,False
Axis B,255,C1QC,0.0005155942,0.0005155942,False
Axis B,256,ARHGEF37,0.0005135399,0.0005135399,False
Axis B,257,XIRP2,-0.0005108162,0.0005108162,False
Axis B,258,PLIN5,-0.0005101704,0.0005101704,False
Axis B,259,THNSL1,0.0005099601,0.0005099601,False
Axis B,260,BCL2,0.0005062571,0.0005062571,False
Axis B,261,ESRRG,-0.0005055244,0.0005055244,False
Axis B,262,MYBPH,-0.00049492746,0.00049492746,False
Axis B,263,FBXO3,-0.0004934824,0.0004934824,False
Axis B,264,MYH3,0.0004931322,0.0004931322,False
Axis B,265,SPOCK1,-0.0004931217,0.0004931217,False
Axis B,266,EDA,0.0004922087,0.0004922087,False
Axis B,267,DNPH1,0.0004884969,0.0004884969,False
Axis B,268,KIAA0513,0.00048500323,0.00048500323,False
Axis B,269,TNFSF13B,-0.00048358145,0.00048358145,False
Axis B,270,TPM1,-0.00048108585,0.00048108585,False
Axis B,271,DACH1,0.0004763857,0.0004763857,False
Axis B,272,TCOF1,0.0004762169,0.0004762169,False
Axis B,273,BAG3,-0.00047615496,0.00047615496,False
Axis B,274,ACADL,-0.0004746062,0.0004746062,False
Axis B,275,CHRAC1,0.0004737817,0.0004737817,False
Axis B,276,ZNF282,-0.00047289036,0.00047289036,False
Axis B,277,DCN,0.00047276882,0.00047276882,False
Axis B,278,ERI3,0.00047206864,0.00047206864,False
Axis B,279,FGD4,0.00046966187,0.00046966187,False
Axis B,280,RUNX1,-0.00046641656,0.00046641656,False
Axis B,281,SPA17,0.00046468084,0.00046468084,False
Axis B,282,PTBP3,0.00046352096,0.00046352096,False
Axis B,283,ANGPTL4,0.0004601342,0.0004601342,False
Axis B,284,YEATS2,0.0004558511,0.0004558511,False
Axis B,285,XDH,-0.00045554433,0.00045554433,False
Axis B,286,MYOZ2,-0.00045447703,0.00045447703,False
Axis B,287,ATL2,-0.0004542811,0.0004542811,False
Axis B,288,ETV1,0.00045359414,0.00045359414,False
Axis B,289,RIPOR2,0.00045261695,0.00045261695,False
Axis B,290,SPRY4,-0.00044948095,0.00044948095,False
Axis B,291,PRKAR2A,0.00044872644,0.00044872644,False
Axis B,292,FNDC5,-0.00044832416,0.00044832416,False
Axis B,293,COX7A1,-0.0004460689,0.0004460689,False
Axis B,294,KCTD11,0.00044539198,0.00044539198,False
Axis B,295,PRR3,0.00044392142,0.00044392142,False
Axis B,296,MON2,0.00044302284,0.00044302284,False
Axis B,297,CDKN1B,0.00044131032,0.00044131032,False
Axis B,298,KLHDC3,0.00043986304,0.00043986304,False
Axis B,299,NXN,-0.00043881885,0.00043881885,False
Axis B,300,JPT1,0.00043647934,0.00043647934,False
Axis B,301,NUCKS1,-0.00043482534,0.00043482534,False
Axis B,302,SCARB1,0.00043367114,0.00043367114,False
Axis B,303,CADM2,0.00043316337,0.00043316337,False
Axis B,304,USE1,-0.0004314553,0.0004314553,False
Axis B,305,WSCD1,0.00043086786,0.00043086786,False
Axis B,306,PANK4,0.00043082485,0.00043082485,False
Axis B,307,RREB1,0.00042660473,0.00042660473,False
Axis B,308,CEP85,0.00042499066,0.00042499066,False
Axis B,309,HSPB1,0.0004242932,0.0004242932,False
Axis B,310,NKX3-1,-0.00042366903,0.00042366903,False
Axis B,311,PPP2R5D,0.00042256867,0.00042256867,False
Axis B,312,WASF3,0.00042251358,0.00042251358,False
Axis B,313,CTSS,0.0004202264,0.0004202264,False
Axis B,314,KDM5B,-0.00041984828,0.00041984828,False
Axis B,315,DUSP10,0.00041889664,0.00041889664,False
Axis B,316,LMOD2,-0.00041814297,0.00041814297,False
Axis B,317,EGF,0.00041812527,0.00041812527,False
Axis B,318,BCL6,0.00041691234,0.00041691234,False
Axis B,319,FKBP5,0.00041318385,0.00041318385,False
Axis B,320,DHX9,0.00041294625,0.00041294625,False
Axis B,321,FOS,0.00041282657,0.00041282657,False
Axis B,322,PTRHD1,0.00041236705,0.00041236705,False
Axis B,323,UBALD2,0.00041163867,0.00041163867,False
Axis B,324,FUCA1,-0.00041155855,0.00041155855,False
Axis B,325,CYRIB,0.00041144062,0.00041144062,False
Axis B,326,CDK5RAP2,0.00041096658,0.00041096658,False
Axis B,327,VRK1,0.0004104708,0.0004104708,False
Axis B,328,IL17D,-0.00040979453,0.00040979453,False
Axis B,329,ANGPTL7,-0.00040874674,0.00040874674,False
Axis B,330,GPI,-0.0004071712,0.0004071712,False
Axis B,331,NDRG3,0.00040670074,0.00040670074,False
Axis B,332,MMAA,0.00040236302,0.00040236302,False
Axis B,333,TTC5,0.0004019386,0.0004019386,False
Axis B,334,A2M,-0.00040071542,0.00040071542,False
Axis B,335,PIK3IP1,0.00039994216,0.00039994216,False
Axis B,336,MT-ND4,0.00039977007,0.00039977007,False
Axis B,337,RALBP1,0.0003991739,0.0003991739,False
Axis B,338,PYGO1,0.00039863153,0.00039863153,False
Axis B,339,ITM2A,-0.00039800853,0.00039800853,False
Axis B,340,NDUFB10,0.00039779456,0.00039779456,False
Axis B,341,SLPI,-0.00039777174,0.00039777174,False
Axis B,342,SLC29A1,0.00039741557,0.00039741557,False
Axis B,343,UXT,0.00039726388,0.00039726388,False
Axis B,344,RIOK3,-0.00039711315,0.00039711315,False
Axis B,345,H2AC21,0.00039673073,0.00039673073,False
Axis B,346,ADPRH,0.0003957517,0.0003957517,False
Axis B,347,LDB3,-0.0003946852,0.0003946852,False
Axis B,348,ALDH1L1,0.00039467355,0.00039467355,False
Axis B,349,POLR3E,0.0003926117,0.0003926117,False
Axis B,350,ECHDC3,-0.00039237866,0.00039237866,False
Axis B,351,ZNHIT3,0.00039203124,0.00039203124,False
Axis B,352,PNMA8B,0.00039083953,0.00039083953,False
Axis B,353,MYBPC1,-0.00038986714,0.00038986714,False
Axis B,354,GPR157,-0.00038946397,0.00038946397,False
Axis B,355,LSM8,0.00038829734,0.00038829734,False
Axis B,356,DENND4B,-0.0003876138,0.0003876138,False
Axis B,357,EPB41L1,0.0003871587,0.0003871587,False
Axis B,358,KAZALD1,0.00038563056,0.00038563056,False
Axis B,359,TCIM,-0.00038550995,0.00038550995,False
Axis B,360,LPIN1,-0.00038515576,0.00038515576,False
Axis B,361,NUP88,0.00038410025,0.00038410025,False
Axis B,362,GATAD2A,0.0003799301,0.0003799301,False
Axis B,363,HOOK1,0.00037792636,0.00037792636,False
Axis B,364,ASB4,0.00037715526,0.00037715526,False
Axis B,365,TNS2,0.00037707094,0.00037707094,False
Axis B,366,TMEM237,0.0003761005,0.0003761005,False
Axis B,367,AGPAT3,0.00037561505,0.00037561505,False
Axis B,368,GIMAP4,0.0003753715,0.0003753715,False
Axis B,369,TSR2,0.00037481225,0.00037481225,False
Axis B,370,MBP,-0.0003740686,0.0003740686,False
Axis B,371,ITGA6,-0.00037397075,0.00037397075,False
Axis B,372,PCYT1A,0.00037328122,0.00037328122,False
Axis B,373,ERRFI1,-0.0003716369,0.0003716369,False
Axis B,374,GPT2,0.00037143668,0.00037143668,False
Axis B,375,IP6K2,0.00037113202,0.00037113202,False
Axis B,376,FRMPD1,0.00037055544,0.00037055544,False
Axis B,377,CYP27A1,0.0003684714,0.0003684714,False
Axis B,378,AOAH,-0.00036843328,0.00036843328,False
Axis B,379,DNALI1,0.0003659477,0.0003659477,False
Axis B,380,ABCA3,0.00036472408,0.00036472408,False
Axis B,381,ATPAF1,0.00036262916,0.00036262916,False
Axis B,382,NOL3,0.00036236644,0.00036236644,False
Axis B,383,EPB41L3,0.00036212904,0.00036212904,False
Axis B,384,PGAM2,0.00036156317,0.00036156317,False
Axis B,385,ZNF23,0.00036105452,0.00036105452,False
Axis B,386,LANCL1,0.00036067702,0.00036067702,False
Axis B,387,SASH1,0.0003605146,0.0003605146,False
Axis B,388,ARV1,0.0003601966,0.0003601966,False
Axis B,389,COQ2,-0.00036002308,0.00036002308,False
Axis B,390,VPS13D,0.00035979156,0.00035979156,False
Axis B,391,TSPAN4,0.00035951775,0.00035951775,False
Axis B,392,TSPAN8,-0.00035946755,0.00035946755,False
Axis B,393,BTG2,0.00035904846,0.00035904846,False
Axis B,394,P4HA1,-0.00035870718,0.00035870718,False
Axis B,395,SLC25A4,0.00035810223,0.00035810223,False
Axis B,396,ADAMTS1,-0.00035705525,0.00035705525,False
Axis B,397,CENPV,0.00035702545,0.00035702545,False
Axis B,398,PCDH17,-0.00035605626,0.00035605626,False
Axis B,399,LRP11,0.00035602864,0.00035602864,False
Axis B,400,PER1,0.00035458943,0.00035458943,False
Axis B,401,LRRK2,0.00035411186,0.00035411186,False
Axis B,402,GPRASP2,0.0003538798,0.0003538798,False
Axis B,403,HIPK3,0.0003536044,0.0003536044,False
Axis B,404,TBC1D14,0.0003532803,0.0003532803,False
Axis B,405,DDN,-0.0003527307,0.0003527307,False
Axis B,406,EPHX2,0.000352324,0.000352324,False
Axis B,407,SBDS,0.00035131094,0.00035131094,False
Axis B,408,SAR1B,0.00035101455,0.00035101455,False
Axis B,409,HSPA1L,-0.00035089883,0.00035089883,False
Axis B,410,TPM3,0.00035065832,0.00035065832,False
Axis B,411,CIART,0.00035019685,0.00035019685,False
Axis B,412,NRIP1,0.00035002362,0.00035002362,False
Axis B,413,MEGF9,0.00034919148,0.00034919148,False
Axis B,414,ZNF551,-0.00034915181,0.00034915181,False
Axis B,415,CYP2E1,0.00034694743,0.00034694743,False
Axis B,416,COPZ2,-0.00034531284,0.00034531284,False
Axis B,417,PPP1R3B,-0.00034511226,0.00034511226,False
Axis B,418,CDH13,0.00034472605,0.00034472605,False
Axis B,419,ADIPOR2,0.00034384537,0.00034384537,False
Axis B,420,DUSP26,0.00034378222,0.00034378222,False
Axis B,421,DDX21,-0.00034357674,0.00034357674,False
Axis B,422,TIMP3,-0.00034225965,0.00034225965,False
Axis B,423,NMNAT1,-0.00034153918,0.00034153918,False
Axis B,424,SBK1,-0.0003414605,0.0003414605,False
Axis B,425,SLC38A3,-0.00034133447,0.00034133447,False
Axis B,426,MYBPC2,-0.00034000134,0.00034000134,False
Axis B,427,KCNE4,0.00033939458,0.00033939458,False
Axis B,428,MOGS,0.00033777344,0.00033777344,False
Axis B,429,SLC20A2,0.00033715286,0.00033715286,False
Axis B,430,PPM1B,0.00033633938,0.00033633938,False
Axis B,431,E2F8,0.0003363114,0.0003363114,False
Axis B,432,ZKSCAN2,0.0003340237,0.0003340237,False
Axis B,433,CPE,0.00033230227,0.00033230227,False
Axis B,434,TNNT1,0.00033085397,0.00033085397,False
Axis B,435,SNCG,-0.00033061774,0.00033061774,False
Axis B,436,PRKAA2,0.00033059917,0.00033059917,False
Axis B,437,LATS2,-0.00033042356,0.00033042356,False
Axis B,438,IRX3,-0.0003288748,0.0003288748,False
Axis B,439,ECH1,-0.0003283148,0.0003283148,False
Axis B,440,NFE2L1,-0.0003278429,0.0003278429,False
Axis B,441,RCC1L,0.00032771286,0.00032771286,False
Axis B,442,MEGF10,0.0003276439,0.0003276439,False
Axis B,443,FMO2,0.0003268397,0.0003268397,False
Axis B,444,GAL3ST4,0.00032607408,0.00032607408,False
Axis B,445,SMARCA1,0.0003258316,0.0003258316,False
Axis B,446,USP16,0.00032349303,0.00032349303,False
Axis B,447,COL15A1,0.00032106528,0.00032106528,False
Axis B,448,MPDZ,0.00031996364,0.00031996364,False
Axis B,449,TRARG1,-0.00031971434,0.00031971434,False
Axis B,450,PEX13,-0.00031916672,0.00031916672,False
Axis B,451,AAGAB,0.0003186666,0.0003186666,False
Axis B,452,RNF43,0.00031857856,0.00031857856,False
Axis B,453,LGALS4,-0.000318268,0.000318268,False
Axis B,454,SELP,0.0003182233,0.0003182233,False
Axis B,455,RORA,0.0003178007,0.0003178007,False
Axis B,456,UBAP2,0.0003177157,0.0003177157,False
Axis B,457,MTERF3,-0.0003150953,0.0003150953,False
Axis B,458,CACNG1,0.00031495886,0.00031495886,False
Axis B,459,MTLN,0.0003135105,0.0003135105,False
Axis B,460,NFATC2,0.00031245765,0.00031245765,False
Axis B,461,TDRD7,0.00031226306,0.00031226306,False
Axis B,462,UBQLN4,0.00031170793,0.00031170793,False
Axis B,463,CHRNA5,0.00031065507,0.00031065507,False
Axis B,464,COL5A3,0.00031035356,0.00031035356,False
Axis B,465,MT-ND1,0.00031025536,0.00031025536,False
Axis B,466,CA3,-0.0003098982,0.0003098982,False
Axis B,467,TSPYL2,-0.0003097578,0.0003097578,False
Axis B,468,MT-ND4L,-0.0003093245,0.0003093245,False
Axis B,469,SYNPO2L,-0.0003092941,0.0003092941,False
Axis B,470,CTXN3,0.00030875884,0.00030875884,False
Axis B,471,PLEC,0.00030787723,0.00030787723,False
Axis B,472,EPAS1,0.00030679067,0.00030679067,False
Axis B,473,POLR2L,0.0003063227,0.0003063227,False
Axis B,474,CEBPA,-0.00030597285,0.00030597285,False
Axis B,475,MYH7,0.00030575576,0.00030575576,False
Axis B,476,INPP5A,-0.00030478253,0.00030478253,False
Axis B,477,TMEM182,0.00030454993,0.00030454993,False
Axis B,478,SPON2,0.00030369463,0.00030369463,False
Axis B,479,CAV1,0.00030253967,0.00030253967,False
Axis B,480,SLC25A3,0.00030211077,0.00030211077,False
Axis B,481,SLC16A2,-0.0003013597,0.0003013597,False
Axis B,482,SEMA6D,0.0003012884,0.0003012884,False
Axis B,483,GSE1,-0.00030030697,0.00030030697,False
Axis B,484,TBX15,-0.00030007306,0.00030007306,False
Axis B,485,EXOC3L2,0.00029854462,0.00029854462,False
Axis B,486,CCN2,-0.00029798868,0.00029798868,False
Axis B,487,ZMYM4,-0.00029797247,0.00029797247,False
Axis B,488,SWT1,0.0002978614,0.0002978614,False
Axis B,489,ACADVL,0.0002975917,0.0002975917,False
Axis B,490,RND3,0.00029737398,0.00029737398,False
Axis B,491,CRYAB,0.00029715954,0.00029715954,False
Axis B,492,PDLIM7,0.00029639713,0.00029639713,False
Axis B,493,SPIRE1,0.00029622111,0.00029622111,False
Axis B,494,TMED3,0.00029565836,0.00029565836,False
Axis B,495,PLXNA4,-0.0002955872,0.0002955872,False
Axis B,496,PROCR,0.00029557812,0.00029557812,False
Axis B,497,ZYG11B,0.00029491456,0.00029491456,False
Axis B,498,ZSWIM4,0.0002943127,0.0002943127,False
Axis B,499,ZNF532,0.00029408548,0.00029408548,False
Axis B,500,ILF2,-0.00029401528,0.00029401528,False
