axis,GSE_1,GSE_2,top100_overlap,top100_jaccard,absolute_rank_spearman
Axis A,GSE108643,GSE86931,41,0.2578616352201258,0.6999894170629412
Axis A,GSE108643,GSE126962,22,0.12359550561797752,0.46300940499315485
Axis A,GSE108643,GSE132520,24,0.13636363636363635,0.5158126761936483
Axis A,GSE86931,GSE126962,35,0.21212121212121213,0.48737902110121495
Axis A,GSE86931,GSE132520,30,0.17647058823529413,0.5355451913522257
Axis A,GSE126962,GSE132520,40,0.25,0.5926321969282411
Axis B,GSE71972,GSE87748,36,0.21951219512195122,0.6136887843311196
Axis B,GSE71972,GSE97718,28,0.16279069767441862,0.4683699262921264
Axis B,GSE87748,GSE97718,25,0.14285714285714285,0.4354954077077276
